machine_id,run_id,start_timestamp,end_timestamp,row_count,segment_count,positive_count,negative_count,positive_rate,current_split,chronological_position_within_machine,class_composition,extremely_small_run,unusual_positive_rate
0890dcc046c079acc4de4202,89cdc34b-e02b-43b4-9284-144276df508a,2026-07-23 15:00:46.964000+00:00,2026-07-23 19:58:08.855000+00:00,8484,2,256,8228,3.0174,train,1,mixed,False,True
0890dcc046c079acc4de4202,6835f125-a038-4092-beff-5107ae998b39,2026-07-25 14:45:59.803000+00:00,2026-07-25 16:40:54.978000+00:00,3449,1,344,3105,9.9739,train,2,mixed,False,False
0890dcc046c079acc4de4202,b061a54a-3bc5-4bda-8e62-43c18a5efae6,2026-08-07 11:42:00.620000+00:00,2026-08-07 12:42:45.194000+00:00,1830,1,1830,0,100.0,train,3,all_positive,False,True
0890dcc046c079acc4de4202,c3c80671-0ec8-4d3f-b82d-88838f02de24,2026-08-07 21:52:20.405000+00:00,2026-08-07 22:05:13.966000+00:00,388,1,388,0,100.0,train,4,all_positive,True,True
0890dcc046c079acc4de4202,5d46b502-68d6-4762-adf6-dfc2fa98f132,2026-08-07 22:20:41.741000+00:00,2026-08-08 00:09:44.933000+00:00,3288,1,422,2866,12.8345,train,5,mixed,False,False
0890dcc046c079acc4de4202,1c32e36e-8e45-4887-823e-0ee6de7a5cfe,2026-08-08 20:27:13.249000+00:00,2026-08-08 23:14:08.185000+00:00,5036,1,168,4868,3.336,train,6,mixed,False,True
0890dcc046c079acc4de4202,90c048bb-46c5-4345-a113-d3bc37b876cb,2026-08-08 23:47:21.330000+00:00,2026-08-09 01:27:38.247000+00:00,3024,1,0,3024,0.0,validation,7,all_negative,False,True
0890dcc046c079acc4de4202,795ee584-86ed-4fe5-b317-3d022b850274,2026-08-10 13:49:30.872000+00:00,2026-08-10 17:12:58.516000+00:00,5047,2,166,4881,3.2891,test,8,mixed,False,True
0890dcc046c079acc4de4202,aa94b19f-b5c4-474e-ba62-cf034f43347f,2026-08-10 17:18:26.147000+00:00,2026-08-10 17:32:12.130000+00:00,414,1,0,414,0.0,test,9,all_negative,True,True
0890dcc046c079acc4de4202,6ae194e7-276b-4eef-94d3-d67c6be4b535,2026-08-10 17:37:57.414000+00:00,2026-08-10 19:14:04.112000+00:00,2898,1,153,2745,5.2795,test,10,mixed,False,False
7232bc533c21ce408d45d473,d88b15dd-1915-43ca-90ef-69f31ff4d9c1,2026-07-28 10:40:53.862000+00:00,2026-07-28 13:05:14.375000+00:00,1165,10,311,854,26.6953,train,1,mixed,False,False
7232bc533c21ce408d45d473,ec61755d-b5be-42ac-875d-3123e92add7a,2026-07-28 15:15:18.443000+00:00,2026-07-28 17:44:18.127000+00:00,1302,7,62,1240,4.7619,train,2,mixed,False,True
7232bc533c21ce408d45d473,fac82c2e-545a-402a-80f8-3d1fccb72c68,2026-07-29 07:39:50.103000+00:00,2026-07-29 09:35:10.620000+00:00,1611,7,710,901,44.072,train,3,mixed,False,False
7232bc533c21ce408d45d473,19127a70-e60c-4b47-b3e6-71e89175c174,2026-07-29 13:35:20.985000+00:00,2026-07-29 13:40:23.654000+00:00,119,1,105,14,88.2353,train,4,mixed,True,False
7232bc533c21ce408d45d473,f81f7ffe-2f6d-4479-937f-cc82e574c286,2026-07-31 23:46:34.071000+00:00,2026-08-01 01:25:06.851000+00:00,2206,4,1254,952,56.845,train,5,mixed,False,False
7232bc533c21ce408d45d473,6c7905b0-5124-4d83-8709-a6176c981aec,2026-08-01 22:13:26.185000+00:00,2026-08-01 22:47:55.383000+00:00,518,3,367,151,70.8494,train,6,mixed,False,False
7232bc533c21ce408d45d473,81d2476d-af90-434e-8518-502c7195564c,2026-08-01 23:15:36.865000+00:00,2026-08-02 00:28:54.915000+00:00,1870,2,749,1121,40.0535,train,7,mixed,False,False
7232bc533c21ce408d45d473,1e11f9c7-7d25-4a5d-ae2a-f9bc6e91415d,2026-08-03 20:39:06.889000+00:00,2026-08-03 22:15:38.219000+00:00,2190,4,839,1351,38.3105,train,8,mixed,False,False
7232bc533c21ce408d45d473,f3c83d3f-0563-4e35-aa47-2e79402b0105,2026-08-04 23:30:58.793000+00:00,2026-08-05 01:03:25.646000+00:00,1789,4,472,1317,26.3835,validation,9,mixed,False,False
7232bc533c21ce408d45d473,96f661cc-1233-4539-a814-c4c352953500,2026-08-08 10:43:00.803000+00:00,2026-08-08 11:15:03.547000+00:00,247,3,144,103,58.2996,validation,10,mixed,True,False
7232bc533c21ce408d45d473,b1dd3935-56dd-4497-a77e-67128988e2c9,2026-08-09 15:40:47.081000+00:00,2026-08-09 15:50:54.919000+00:00,268,1,268,0,100.0,validation,11,all_positive,True,True
7232bc533c21ce408d45d473,5bca2646-6745-4bbb-987d-ccb0a4486506,2026-08-09 20:15:47.568000+00:00,2026-08-09 22:08:45.536000+00:00,2405,4,895,1510,37.2141,test,12,mixed,False,False
7232bc533c21ce408d45d473,93aafd38-c91e-42a7-b67f-90287b9dd6f7,2026-08-10 14:58:28.525000+00:00,2026-08-10 15:21:08.506000+00:00,116,2,116,0,100.0,test,13,all_positive,True,True
7232bc533c21ce408d45d473,adc86181-d9a4-4cf6-a8be-4be144db7799,2026-08-11 19:23:54.041000+00:00,2026-08-11 20:21:45.453000+00:00,1685,1,389,1296,23.0861,test,14,mixed,False,False
a0f8c86097e55fbfa506d057,2e9f4457-2a7f-4647-87ed-b86ac6343d33,2026-07-27 12:17:19.031000+00:00,2026-07-27 12:29:16.187000+00:00,182,1,0,182,0.0,train,1,all_negative,True,True
a0f8c86097e55fbfa506d057,f24e9c1a-f11e-405c-b663-45fa6e25c405,2026-07-27 13:16:45.456000+00:00,2026-07-27 15:27:24.379000+00:00,3860,1,453,3407,11.7358,train,2,mixed,False,False
a0f8c86097e55fbfa506d057,373070d1-ba59-4244-88ab-2d44a21f4983,2026-07-27 22:57:32.661000+00:00,2026-07-27 23:06:14.948000+00:00,261,1,0,261,0.0,train,3,all_negative,True,True
a0f8c86097e55fbfa506d057,70577f8e-1430-4489-8602-2096521ab84e,2026-07-28 17:22:42.771000+00:00,2026-07-28 21:12:01.059000+00:00,5603,2,1402,4201,25.0223,train,4,mixed,False,False
a0f8c86097e55fbfa506d057,fc583c4c-4107-450e-959d-c74895b57935,2026-07-31 18:49:23.239000+00:00,2026-07-31 23:42:47.986000+00:00,7440,1,5277,2163,70.9274,train,5,mixed,False,False
a0f8c86097e55fbfa506d057,e4e219be-13ba-4874-aad6-93d0b6f5f289,2026-08-01 15:31:13.418000+00:00,2026-08-01 18:13:16.656000+00:00,3419,3,690,2729,20.1813,train,6,mixed,False,False
a0f8c86097e55fbfa506d057,67c192c0-13a4-427a-b8e3-193c8fd99883,2026-08-02 21:29:18.079000+00:00,2026-08-03 01:45:34.480000+00:00,6536,3,1078,5458,16.4933,train,7,mixed,False,False
a0f8c86097e55fbfa506d057,28ca5ae9-faed-4da3-8350-e2605f94aa88,2026-08-03 11:20:37.813000+00:00,2026-08-03 18:24:30.741000+00:00,8125,4,3666,4459,45.12,train,8,mixed,False,False
a0f8c86097e55fbfa506d057,4c9f7e66-830f-4c54-bfd5-f4d898f5464e,2026-08-04 12:24:37.925000+00:00,2026-08-04 20:19:20.501000+00:00,3753,2,3190,563,84.9987,train,9,mixed,False,False
a0f8c86097e55fbfa506d057,ea7c3f9f-8a45-4892-8f21-a77488321622,2026-08-04 21:29:06.600000+00:00,2026-08-04 22:16:53.099000+00:00,533,2,533,0,100.0,train,10,all_positive,False,True
a0f8c86097e55fbfa506d057,c89dd147-c631-4848-a604-72c697e9da2b,2026-08-06 14:32:22.080000+00:00,2026-08-06 17:07:12.117000+00:00,2005,2,1985,20,99.0025,train,11,mixed,False,True
a0f8c86097e55fbfa506d057,0fc9db54-83d3-456a-b9ea-1aa8a6f66cf9,2026-08-08 13:01:34.316000+00:00,2026-08-08 13:02:13.174000+00:00,5,1,5,0,100.0,validation,12,all_positive,True,True
a0f8c86097e55fbfa506d057,baa2a6f4-7121-4bce-9c80-611ebc22ceaf,2026-08-09 12:51:28.265000+00:00,2026-08-09 20:19:35.607000+00:00,8602,5,1747,6855,20.3092,validation,13,mixed,False,False
a0f8c86097e55fbfa506d057,cf6e2a7e-5b3d-4f7b-a21f-e9ffd68b5268,2026-08-09 22:14:57.176000+00:00,2026-08-10 02:01:31.196000+00:00,5973,1,1071,4902,17.9307,test,14,mixed,False,False
a0f8c86097e55fbfa506d057,ee6b8dde-602e-4c14-b533-43bcfcba11ea,2026-08-12 13:41:14.842000+00:00,2026-08-12 21:36:08.678000+00:00,7013,1,6231,782,88.8493,test,15,mixed,False,False
d588df123ac0d0ce20b112ac,af502e6e-1657-4248-8b91-ce01c14277b9,2026-08-03 15:11:29.523000+00:00,2026-08-03 19:18:18.043000+00:00,3087,5,225,2862,7.2886,train,1,mixed,False,False
d588df123ac0d0ce20b112ac,9753a7c0-658b-4111-8e40-d347a98a680a,2026-08-03 22:38:29.605000+00:00,2026-08-03 22:58:17.040000+00:00,377,1,0,377,0.0,train,2,all_negative,True,True
d588df123ac0d0ce20b112ac,d4a43abe-57cb-4513-b782-4b927879f358,2026-08-03 23:04:11.516000+00:00,2026-08-04 00:15:46.746000+00:00,774,3,0,774,0.0,train,3,all_negative,False,True
d588df123ac0d0ce20b112ac,22fc3390-8d4a-4b01-b11e-c10adffcab2d,2026-08-04 20:58:49.121000+00:00,2026-08-04 21:24:57.744000+00:00,620,1,0,620,0.0,train,4,all_negative,False,True
d588df123ac0d0ce20b112ac,1e0bd844-6541-4320-8474-1b01bab00799,2026-08-04 23:33:54.369000+00:00,2026-08-04 23:39:14+00:00,160,1,0,160,0.0,train,5,all_negative,True,True
d588df123ac0d0ce20b112ac,e4d80512-c282-45fb-8d13-e4e33eebfd72,2026-08-05 21:54:47.901000+00:00,2026-08-05 21:56:41.657000+00:00,57,1,0,57,0.0,train,6,all_negative,True,True
d588df123ac0d0ce20b112ac,6a1c86bc-1e52-4235-ac04-6d94cf1c3c5e,2026-08-05 22:07:04.866000+00:00,2026-08-05 22:52:04.309000+00:00,697,3,299,398,42.8981,train,7,mixed,False,False
d588df123ac0d0ce20b112ac,f630b56e-4353-401a-bf40-5ed332d157f9,2026-08-05 23:32:57.988000+00:00,2026-08-05 23:34:35.403000+00:00,50,1,50,0,100.0,train,8,all_positive,True,True
d588df123ac0d0ce20b112ac,00f4a034-46ce-498e-b844-f1aa52fc6800,2026-08-06 00:08:42.091000+00:00,2026-08-06 00:11:50.543000+00:00,90,1,90,0,100.0,train,9,all_positive,True,True
d588df123ac0d0ce20b112ac,cc2a1e74-06e7-4cb1-92cd-6b21a91f240f,2026-08-07 15:01:20.613000+00:00,2026-08-07 15:04:38.288000+00:00,87,1,87,0,100.0,train,10,all_positive,True,True
d588df123ac0d0ce20b112ac,a364637b-ebf8-43fa-8bd3-e46987008b24,2026-08-07 18:29:29.138000+00:00,2026-08-07 18:32:39.452000+00:00,94,1,94,0,100.0,train,11,all_positive,True,True
d588df123ac0d0ce20b112ac,6035cb87-b9f3-4e5d-90f3-c7fea3d65d9c,2026-08-07 19:34:11.953000+00:00,2026-08-07 23:11:16.361000+00:00,500,4,392,108,78.4,train,12,mixed,False,False
d588df123ac0d0ce20b112ac,cb0385d1-3fc6-46f1-83c5-f7338a4e7bac,2026-08-08 20:29:52.470000+00:00,2026-08-08 21:18:31.059000+00:00,882,3,882,0,100.0,train,13,all_positive,False,True
d588df123ac0d0ce20b112ac,bbe7c827-8a4d-4ba5-84f4-67c88a77fe20,2026-08-09 12:58:02.041000+00:00,2026-08-09 13:07:37.443000+00:00,212,1,0,212,0.0,train,14,all_negative,True,True
d588df123ac0d0ce20b112ac,35472c29-8dd3-49be-8d6b-1984d158745d,2026-08-09 18:51:41.220000+00:00,2026-08-09 23:27:39.313000+00:00,8277,1,8277,0,100.0,validation,15,all_positive,False,True
d588df123ac0d0ce20b112ac,03b262cc-46f0-4837-a184-1eea22fdfdd0,2026-08-10 16:21:27.779000+00:00,2026-08-10 18:00:17.035000+00:00,2393,3,2335,58,97.5763,test,16,mixed,False,True
