split,machine_id,total_rows,positive_rows,negative_rows,positive_rate,number_of_runs
train,0890dcc046c079acc4de4202,8484,256,8228,3.0174,1
train,7232bc533c21ce408d45d473,2467,373,2094,15.1196,2
train,a0f8c86097e55fbfa506d057,4042,453,3589,11.2073,2
validation,0890dcc046c079acc4de4202,0,0,0,,0
validation,7232bc533c21ce408d45d473,1611,710,901,44.072,1
validation,a0f8c86097e55fbfa506d057,261,0,261,0.0,1
test,0890dcc046c079acc4de4202,3449,344,3105,9.9739,1
test,7232bc533c21ce408d45d473,119,105,14,88.2353,1
test,a0f8c86097e55fbfa506d057,5603,1402,4201,25.0223,1
