model,trial_number,is_baseline_configuration,parameters_json,pr_auc,roc_auc,accuracy,precision,recall,f1,tn,fp,fn,tp,execution_time_seconds,status,selected_best
LightGBM,1,True,"{""colsample_bytree"": 1.0, ""learning_rate"": 0.05, ""max_depth"": -1, ""min_child_samples"": 20, ""n_estimators"": 300, ""num_leaves"": 31, ""reg_alpha"": 0.0, ""reg_lambda"": 0.0, ""scale_pos_weight"": 2.4794339054501657, ""subsample"": 1.0}",0.9868316518998802,0.9708636607845269,0.9204819277108434,0.9602713178294574,0.9158964879852126,0.9375591296121097,2148,164,364,3964,3.5192525000020396,success,True
LightGBM,2,False,"{""colsample_bytree"": 0.6, ""learning_rate"": 0.08, ""max_depth"": 6, ""min_child_samples"": 10, ""n_estimators"": 700, ""num_leaves"": 63, ""reg_alpha"": 5.0, ""reg_lambda"": 5.0, ""scale_pos_weight"": 2.4794339054501657, ""subsample"": 1.0}",0.9813676307255959,0.9606045609501821,0.8798192771084338,0.9011363636363636,0.9161275415896488,0.9085701191567369,1877,435,363,3965,4.746016333003354,success,False
LightGBM,3,False,"{""colsample_bytree"": 0.6, ""learning_rate"": 0.08, ""max_depth"": 10, ""min_child_samples"": 20, ""n_estimators"": 300, ""num_leaves"": 15, ""reg_alpha"": 0.0, ""reg_lambda"": 10.0, ""scale_pos_weight"": 1.0, ""subsample"": 0.85}",0.9837424803996935,0.9632549816436307,0.9180722891566265,0.9720558882235529,0.9001848428835489,0.9347408829174664,2200,112,432,3896,2.157512666999537,success,False
LightGBM,4,False,"{""colsample_bytree"": 0.8, ""learning_rate"": 0.1, ""max_depth"": 14, ""min_child_samples"": 40, ""n_estimators"": 700, ""num_leaves"": 15, ""reg_alpha"": 1.0, ""reg_lambda"": 0.0, ""scale_pos_weight"": 2.4794339054501657, ""subsample"": 0.7}",0.9795042307971684,0.9562983893405139,0.8810240963855421,0.8982440342188204,0.9219038817005545,0.9099201824401368,1860,452,338,3990,4.355364459006523,success,False
LightGBM,5,False,"{""colsample_bytree"": 0.8, ""learning_rate"": 0.05, ""max_depth"": -1, ""min_child_samples"": 10, ""n_estimators"": 300, ""num_leaves"": 127, ""reg_alpha"": 5.0, ""reg_lambda"": 1.0, ""scale_pos_weight"": 1.574621829345118, ""subsample"": 1.0}",0.9828938440225665,0.9635905690154718,0.886144578313253,0.9155421126105165,0.9091959334565619,0.9123579874797125,1949,363,393,3935,6.13753787499445,success,False
LightGBM,6,False,"{""colsample_bytree"": 0.6, ""learning_rate"": 0.05, ""max_depth"": 14, ""min_child_samples"": 80, ""n_estimators"": 700, ""num_leaves"": 31, ""reg_alpha"": 5.0, ""reg_lambda"": 0.0, ""scale_pos_weight"": 1.0, ""subsample"": 0.7}",0.9826168249810462,0.9622624105366839,0.8923192771084337,0.9241606010800657,0.9094269870609981,0.9167345988121579,1989,323,392,3936,6.699836667001364,success,False
LightGBM,7,False,"{""colsample_bytree"": 0.6, ""learning_rate"": 0.03, ""max_depth"": 6, ""min_child_samples"": 80, ""n_estimators"": 700, ""num_leaves"": 31, ""reg_alpha"": 0.0, ""reg_lambda"": 5.0, ""scale_pos_weight"": 1.574621829345118, ""subsample"": 0.85}",0.9847955309188279,0.9665088200116405,0.8960843373493976,0.9306344696969697,0.908271719038817,0.9193171188026192,2019,293,397,3931,5.341040500003146,success,False
LightGBM,8,False,"{""colsample_bytree"": 0.6, ""learning_rate"": 0.08, ""max_depth"": 10, ""min_child_samples"": 80, ""n_estimators"": 500, ""num_leaves"": 31, ""reg_alpha"": 1.0, ""reg_lambda"": 10.0, ""scale_pos_weight"": 2.4794339054501657, ""subsample"": 0.7}",0.9826908566014259,0.9619825878323494,0.8929216867469879,0.9252292499412179,0.9091959334565619,0.9171425241813308,1994,318,393,3935,5.2927110419987,success,False
LightGBM,9,False,"{""colsample_bytree"": 1.0, ""learning_rate"": 0.1, ""max_depth"": -1, ""min_child_samples"": 40, ""n_estimators"": 300, ""num_leaves"": 31, ""reg_alpha"": 0.0, ""reg_lambda"": 0.0, ""scale_pos_weight"": 2.4794339054501657, ""subsample"": 0.7}",0.9835333784073597,0.9633950928691581,0.8977409638554217,0.9226314570303451,0.9202865064695009,0.9214574898785425,1978,334,345,3983,3.2318187080018106,success,False
LightGBM,10,False,"{""colsample_bytree"": 0.6, ""learning_rate"": 0.05, ""max_depth"": 6, ""min_child_samples"": 20, ""n_estimators"": 700, ""num_leaves"": 127, ""reg_alpha"": 1.0, ""reg_lambda"": 5.0, ""scale_pos_weight"": 1.0, ""subsample"": 0.7}",0.9819769391477892,0.9608947770692489,0.9015060240963856,0.9365494296577946,0.9105822550831792,0.9233833177132146,2045,267,387,3941,6.412067500001285,success,False
LightGBM,11,False,"{""colsample_bytree"": 0.6, ""learning_rate"": 0.1, ""max_depth"": 14, ""min_child_samples"": 10, ""n_estimators"": 200, ""num_leaves"": 15, ""reg_alpha"": 1.0, ""reg_lambda"": 10.0, ""scale_pos_weight"": 1.0, ""subsample"": 0.7}",0.9842307389355092,0.9642814312851378,0.9162650602409639,0.9675260287555776,0.9018022181146026,0.933508729968907,2181,131,425,3903,1.663229500001762,success,False
LightGBM,12,False,"{""colsample_bytree"": 0.8, ""learning_rate"": 0.02, ""max_depth"": -1, ""min_child_samples"": 80, ""n_estimators"": 200, ""num_leaves"": 15, ""reg_alpha"": 1.0, ""reg_lambda"": 10.0, ""scale_pos_weight"": 1.574621829345118, ""subsample"": 0.85}",0.9841978751003004,0.9640132512040371,0.903012048192771,0.9373219373219374,0.9121996303142329,0.9245901639344263,2048,264,380,3948,1.6902005419979105,success,False
LightGBM,13,False,"{""colsample_bytree"": 0.8, ""learning_rate"": 0.05, ""max_depth"": 10, ""min_child_samples"": 10, ""n_estimators"": 500, ""num_leaves"": 127, ""reg_alpha"": 1.0, ""reg_lambda"": 10.0, ""scale_pos_weight"": 1.574621829345118, ""subsample"": 0.85}",0.9826166630919998,0.9625460308348631,0.888855421686747,0.9199812821712682,0.9085027726432532,0.9142059986049755,1970,342,396,3932,10.908193167000718,success,False
LightGBM,14,False,"{""colsample_bytree"": 0.6, ""learning_rate"": 0.03, ""max_depth"": -1, ""min_child_samples"": 20, ""n_estimators"": 700, ""num_leaves"": 31, ""reg_alpha"": 0.1, ""reg_lambda"": 1.0, ""scale_pos_weight"": 1.574621829345118, ""subsample"": 1.0}",0.9862219569896773,0.9697858436894384,0.9171686746987951,0.9696668324216807,0.9011090573012939,0.9341317365269461,2190,122,428,3900,7.672526499998639,success,False
LightGBM,15,False,"{""colsample_bytree"": 0.8, ""learning_rate"": 0.08, ""max_depth"": 14, ""min_child_samples"": 40, ""n_estimators"": 700, ""num_leaves"": 127, ""reg_alpha"": 0.1, ""reg_lambda"": 0.0, ""scale_pos_weight"": 1.0, ""subsample"": 0.85}",0.981941651872348,0.9600295252927744,0.8923192771084337,0.9351963382317514,0.8969500924214417,0.9156740181625191,2043,269,446,3882,8.226288332996774,success,False
LightGBM,16,False,"{""colsample_bytree"": 0.6, ""learning_rate"": 0.03, ""max_depth"": 14, ""min_child_samples"": 10, ""n_estimators"": 200, ""num_leaves"": 63, ""reg_alpha"": 0.0, ""reg_lambda"": 5.0, ""scale_pos_weight"": 1.0, ""subsample"": 1.0}",0.9819530003352233,0.9597920757408106,0.9022590361445784,0.9545342228811465,0.8925600739371534,0.9225074626865671,2128,184,465,3863,3.477035625001008,success,False
LightGBM,17,False,"{""colsample_bytree"": 0.8, ""learning_rate"": 0.08, ""max_depth"": 10, ""min_child_samples"": 80, ""n_estimators"": 500, ""num_leaves"": 127, ""reg_alpha"": 0.1, ""reg_lambda"": 0.0, ""scale_pos_weight"": 1.574621829345118, ""subsample"": 0.7}",0.9814901767202966,0.9596393724935879,0.8879518072289156,0.9289133556725706,0.8967190388170055,0.9125323301199153,2015,297,447,3881,7.370361416004016,success,False
LightGBM,18,False,"{""colsample_bytree"": 0.8, ""learning_rate"": 0.08, ""max_depth"": 14, ""min_child_samples"": 20, ""n_estimators"": 700, ""num_leaves"": 127, ""reg_alpha"": 0.1, ""reg_lambda"": 1.0, ""scale_pos_weight"": 1.0, ""subsample"": 0.7}",0.9818289298986611,0.9601293620362139,0.8899096385542169,0.938979741274103,0.8888632162661737,0.9132344213649851,2062,250,481,3847,12.761216583996429,success,False
LightGBM,19,False,"{""colsample_bytree"": 0.8, ""learning_rate"": 0.02, ""max_depth"": 6, ""min_child_samples"": 40, ""n_estimators"": 300, ""num_leaves"": 63, ""reg_alpha"": 0.0, ""reg_lambda"": 10.0, ""scale_pos_weight"": 2.4794339054501657, ""subsample"": 0.7}",0.9845959804883304,0.9650854218766989,0.9,0.9087460954930835,0.9410813308687616,0.9246311010215664,1903,409,255,4073,2.528556249999383,success,False
LightGBM,20,False,"{""colsample_bytree"": 0.6, ""learning_rate"": 0.05, ""max_depth"": 14, ""min_child_samples"": 10, ""n_estimators"": 700, ""num_leaves"": 31, ""reg_alpha"": 1.0, ""reg_lambda"": 10.0, ""scale_pos_weight"": 2.4794339054501657, ""subsample"": 1.0}",0.9837339248943469,0.9643479891140974,0.8941265060240964,0.9245724994143828,0.9119685767097967,0.9182272885890427,1990,322,381,3947,7.820682332996512,success,False
RandomForest,1,True,"{""bootstrap"": true, ""class_weight"": ""balanced"", ""max_depth"": null, ""max_features"": ""sqrt"", ""min_samples_leaf"": 1, ""min_samples_split"": 2, ""n_estimators"": 300}",0.9831621217918027,0.962839644801054,0.9039156626506024,0.9827315541601256,0.8678373382624769,0.9217177914110429,2246,66,572,3756,16.199648374997196,success,True
RandomForest,2,False,"{""bootstrap"": true, ""class_weight"": null, ""max_depth"": 40, ""max_features"": ""sqrt"", ""min_samples_leaf"": 4, ""min_samples_split"": 2, ""n_estimators"": 500}",0.9792680201711823,0.952612224894307,0.8978915662650603,0.9546586945690084,0.8853974121996303,0.9187245264924478,2130,182,496,3832,30.941587708999577,success,False
RandomForest,3,False,"{""bootstrap"": true, ""class_weight"": ""balanced"", ""max_depth"": 12, ""max_features"": 0.5, ""min_samples_leaf"": 4, ""min_samples_split"": 10, ""n_estimators"": 500}",0.9804188383531807,0.9543341338927656,0.8996987951807229,0.940567853705486,0.9031885397412199,0.9214992927864215,2065,247,419,3909,223.1331407500038,success,False
RandomForest,4,False,"{""bootstrap"": true, ""class_weight"": ""balanced"", ""max_depth"": 30, ""max_features"": ""sqrt"", ""min_samples_leaf"": 8, ""min_samples_split"": 5, ""n_estimators"": 200}",0.9823024830173045,0.9601147712809165,0.9102409638554216,0.9676691729323308,0.892097966728281,0.9283481606155326,2183,129,467,3861,10.308335583998996,success,False
RandomForest,5,False,"{""bootstrap"": true, ""class_weight"": ""balanced_subsample"", ""max_depth"": 40, ""max_features"": 0.5, ""min_samples_leaf"": 1, ""min_samples_split"": 5, ""n_estimators"": 300}",0.980395399100365,0.9562945917466693,0.8933734939759036,0.9423264907135875,0.8909426987060998,0.9159144893111639,2076,236,472,3856,194.24872324999887,success,False
RandomForest,6,False,"{""bootstrap"": true, ""class_weight"": ""balanced"", ""max_depth"": 12, ""max_features"": 0.5, ""min_samples_leaf"": 2, ""min_samples_split"": 2, ""n_estimators"": 200}",0.9806371817703212,0.955307317283769,0.9033132530120482,0.9413314176245211,0.908271719038817,0.9245061147695203,2067,245,397,3931,89.5696192079995,success,False
RandomForest,7,False,"{""bootstrap"": false, ""class_weight"": ""balanced"", ""max_depth"": 30, ""max_features"": 0.5, ""min_samples_leaf"": 2, ""min_samples_split"": 2, ""n_estimators"": 500}",0.9820755244269683,0.9589848871754857,0.9121987951807229,0.9703592062295906,0.8925600739371534,0.9298351185461547,2194,118,465,3863,516.9262256250004,success,False
RandomForest,8,False,"{""bootstrap"": false, ""class_weight"": ""balanced"", ""max_depth"": null, ""max_features"": ""log2"", ""min_samples_leaf"": 8, ""min_samples_split"": 20, ""n_estimators"": 300}",0.9826482197728291,0.9621441854441026,0.8864457831325301,0.9770421783235451,0.8456561922365989,0.9066138221451573,2226,86,668,3660,11.281336084000941,success,False
RandomForest,9,False,"{""bootstrap"": false, ""class_weight"": ""balanced_subsample"", ""max_depth"": 30, ""max_features"": 0.5, ""min_samples_leaf"": 4, ""min_samples_split"": 20, ""n_estimators"": 500}",0.9811540877351481,0.9569507759883338,0.9128012048192771,0.9680399500624219,0.8957948243992606,0.9305172206888276,2184,128,451,3877,505.2958434579996,success,False
RandomForest,10,False,"{""bootstrap"": false, ""class_weight"": ""balanced"", ""max_depth"": 30, ""max_features"": ""log2"", ""min_samples_leaf"": 8, ""min_samples_split"": 2, ""n_estimators"": 500}",0.9815628032957247,0.9590520446245259,0.903012048192771,0.9794377928162415,0.8694547134935305,0.9211750305997553,2233,79,565,3763,18.59169779199874,success,False
RandomForest,11,False,"{""bootstrap"": false, ""class_weight"": null, ""max_depth"": 40, ""max_features"": ""sqrt"", ""min_samples_leaf"": 8, ""min_samples_split"": 20, ""n_estimators"": 200}",0.9797232818607363,0.955390164791588,0.8912650602409639,0.9406158357771262,0.8893253234750462,0.914251781472684,2069,243,479,3849,19.016511957997864,success,False
RandomForest,12,False,"{""bootstrap"": false, ""class_weight"": null, ""max_depth"": null, ""max_features"": 0.5, ""min_samples_leaf"": 2, ""min_samples_split"": 2, ""n_estimators"": 200}",0.9752929619468815,0.939837069232934,0.9004518072289157,0.9517122443951712,0.8925600739371534,0.9211875521640635,2116,196,465,3863,250.2256212909997,success,False
