machine_id,run_id,start_timestamp,end_timestamp,row_count,positive_count,positive_rate,segment_count,split,cpu_pct_median,cpu_pct_p90,cpu_pct_p95,ram_pct_median,ram_pct_p90,ram_pct_p95,swap_pct_median,swap_pct_p90,swap_pct_p95,disk_latency_ms_median,disk_latency_ms_p90,disk_latency_ms_p95,disk_read_mb_s_median,disk_read_mb_s_p90,disk_read_mb_s_p95,disk_write_mb_s_median,disk_write_mb_s_p90,disk_write_mb_s_p95,context_switches_per_s_median,context_switches_per_s_p90,context_switches_per_s_p95,process_count_median,process_count_p90,process_count_p95,thread_count_median,thread_count_p90,thread_count_p95,chronological_position
0890dcc046c079acc4de4202,89cdc34b-e02b-43b4-9284-144276df508a,2026-07-23 15:00:46.964000+00:00,2026-07-23 19:58:08.855000+00:00,8484,256.0,0.030174446016030174,2,train,7.7,17.269999999999982,20.4,76.1,78.7,80.1,47.7,48.7,48.7,0.226,0.5706000000000003,0.8953999999999979,0.256,2.18818,5.604149999999994,0.0983,1.6408200000000002,2.0653499999999996,432.5,1971.0,3081.9,419.0,554.0,558.0,1669.0,1770.0,1799.0,1
0890dcc046c079acc4de4202,6835f125-a038-4092-beff-5107ae998b39,2026-07-25 14:45:59.803000+00:00,2026-07-25 16:40:54.978000+00:00,3449,344.0,0.09973905479849232,1,train,8.2,17.520000000000028,23.2,79.8,81.2,81.5,65.0,65.4,65.4,0.208,0.444,0.556,0.38549999999999995,2.0900800000000004,3.7255049999999765,0.16185,1.50082,1.7136899999999948,501.95000000000005,1616.4,2340.909999999998,347.0,363.0,367.0,1455.0,1507.0,1527.0,2
0890dcc046c079acc4de4202,b061a54a-3bc5-4bda-8e62-43c18a5efae6,2026-08-07 11:42:00.620000+00:00,2026-08-07 12:42:45.194000+00:00,1830,1830.0,1.0,1,train,24.2,30.5,35.155,80.2,81.9,82.3,86.2,87.5,87.6,0.191,0.381,0.4983999999999996,0.5994,2.6087800000000008,4.686559999999997,0.1761,1.6306200000000002,1.9344799999999995,406.15,1040.91,1332.2099999999982,390.0,409.0,414.0,2201.0,2264.1000000000004,2281.0,3
0890dcc046c079acc4de4202,c3c80671-0ec8-4d3f-b82d-88838f02de24,2026-08-07 21:52:20.405000+00:00,2026-08-07 22:05:13.966000+00:00,388,388.0,1.0,1,train,23.9,32.690000000000005,35.364999999999995,77.3,78.83,79.4,91.6,92.9,94.8,0.206,1.3948000000000003,2.080799999999999,1.3439,9.587860000000004,16.91846,0.4528,2.1566400000000012,3.02472,569.8,2174.05,3001.625,372.0,395.0,406.65,2221.0,2329.0,2378.65,4
0890dcc046c079acc4de4202,5d46b502-68d6-4762-adf6-dfc2fa98f132,2026-08-07 22:20:41.741000+00:00,2026-08-08 00:09:44.933000+00:00,3288,422.0,0.128345498783455,1,train,1.6,10.9,12.7,55.2,58.3,58.6,0.0,0.0,0.0,0.333,0.667,1.0,0.0,0.3072600000000001,1.8318899999999836,0.0348,1.4561,1.6718999999999997,78.6,1010.6200000000002,2008.1599999999999,458.0,468.0,471.0,1116.0,1151.3000000000002,1161.0,5
0890dcc046c079acc4de4202,1c32e36e-8e45-4887-823e-0ee6de7a5cfe,2026-08-08 20:27:13.249000+00:00,2026-08-08 23:14:08.185000+00:00,5036,168.0,0.03335980937251787,1,train,7.0,15.9,21.8,67.5,68.7,69.0,0.0,0.0,0.0,0.273,0.556,0.667,0.0184,0.6732600000000011,2.3150100000000027,0.3072,4.261820000000001,5.64035,186.5,1402.7799999999988,2754.759999999994,573.0,582.0,583.0,1528.0,1570.0,1584.0,6
0890dcc046c079acc4de4202,90c048bb-46c5-4345-a113-d3bc37b876cb,2026-08-08 23:47:21.330000+00:00,2026-08-09 01:27:38.247000+00:00,3024,0.0,0.0,1,validation,8.4,21.4,26.984999999999992,72.8,80.1,80.5,0.0,0.0,0.0,0.227,0.5,0.6135000000000014,0.1125,13.523500000000013,40.17351000000001,0.1492,2.6100600000000003,20.14097000000001,325.05,2454.840000000001,3660.9249999999956,583.0,595.0,596.0,1673.0,1734.0,1749.0,7
7232bc533c21ce408d45d473,d88b15dd-1915-43ca-90ef-69f31ff4d9c1,2026-07-28 10:40:53.862000+00:00,2026-07-28 13:05:14.375000+00:00,1165,311.0,0.2669527896995708,10,train,35.8,99.8,100.0,52.4,56.7,57.9,3.2,4.0,4.0,0.0,0.0,0.001,0.0,0.16118000000000032,1.1141199999999982,0.0986,2.6195600000000017,9.283359999999993,7350.7,17862.68,26388.699999999997,216.0,221.0,222.0,2713.0,2854.6000000000004,2891.6,1
7232bc533c21ce408d45d473,ec61755d-b5be-42ac-875d-3123e92add7a,2026-07-28 15:15:18.443000+00:00,2026-07-28 17:44:18.127000+00:00,1302,62.0,0.047619047619047616,7,train,18.8,49.1,65.94000000000005,48.3,50.6,50.9,2.5,2.6,2.6,0.0,0.0,0.0,0.0,0.0492,0.1228,0.0717,1.3662,3.6834,3286.4,8496.6,11641.0,213.0,217.0,220.0,2749.0,2861.0,2888.0,2
7232bc533c21ce408d45d473,fac82c2e-545a-402a-80f8-3d1fccb72c68,2026-07-29 07:39:50.103000+00:00,2026-07-29 09:35:10.620000+00:00,1611,710.0,0.4407200496585971,7,train,36.5,100.0,100.0,44.0,49.7,51.0,2.1,2.3,2.3,0.0,0.0,0.001,0.0,0.3912,1.89615,0.0942,1.1775,3.5208500000000003,8619.7,16512.6,20853.2,206.0,211.0,217.0,2476.0,2621.0,2746.5,3
7232bc533c21ce408d45d473,19127a70-e60c-4b47-b3e6-71e89175c174,2026-07-29 13:35:20.985000+00:00,2026-07-29 13:40:23.654000+00:00,119,105.0,0.8823529411764706,1,train,42.4,56.44,82.6299999999999,46.3,46.8,48.41999999999998,1.8,1.8,1.8,0.0,0.0,0.00014999999999999148,0.02355,0.13649999999999995,0.4243949999999989,0.07164999999999999,0.3579599999999996,0.8594699999999995,9570.05,12541.67,12891.544999999998,209.0,211.0,211.0,2617.0,2663.2,2667.0,4
7232bc533c21ce408d45d473,f81f7ffe-2f6d-4479-937f-cc82e574c286,2026-07-31 23:46:34.071000+00:00,2026-08-01 01:25:06.851000+00:00,2206,1254.0,0.5684496826835902,4,train,56.25,100.0,100.0,46.650000000000006,53.05,56.3,7.6,8.3,8.3,0.0,0.0,0.0,0.0,0.47134000000000165,1.4765399999999995,0.1189,2.1185400000000003,5.276859999999985,12260.3,19052.820000000003,21675.759999999995,226.0,230.0,231.0,2676.0,2832.0,2889.75,5
7232bc533c21ce408d45d473,6c7905b0-5124-4d83-8709-a6176c981aec,2026-08-01 22:13:26.185000+00:00,2026-08-01 22:47:55.383000+00:00,518,367.0,0.7084942084942085,3,train,14.7,100.0,100.0,26.6,32.2,33.0,0.0,0.0,0.0,0.0,0.0,0.0,0.0,0.11448000000000046,0.37294,0.0839,0.2575400000000005,0.5713599999999999,5220.4,7684.38,9589.04,163.0,179.0,181.0,1766.0,2069.0,2133.15,6
7232bc533c21ce408d45d473,81d2476d-af90-434e-8518-502c7195564c,2026-08-01 23:15:36.865000+00:00,2026-08-02 00:28:54.915000+00:00,1870,749.0,0.40053475935828875,2,train,35.349999999999994,100.0,100.0,37.4,42.6,43.8,5.3,6.3,6.3,0.0,0.0,0.0,0.0164,0.0819,0.1316599999999999,0.0941,0.30558000000000013,0.7992999999999982,7971.4,12618.78,14019.34,181.0,186.0,187.0,2009.5,2093.0,2119.55,7
7232bc533c21ce408d45d473,1e11f9c7-7d25-4a5d-ae2a-f9bc6e91415d,2026-08-03 20:39:06.889000+00:00,2026-08-03 22:15:38.219000+00:00,2190,839.0,0.38310502283105025,4,train,25.5,100.0,100.0,44.9,50.2,51.9,7.2,7.8,7.8,0.0,0.0,0.0,0.0003,0.3113,2.0255799999999993,0.0942,0.8329800000000005,2.5332199999999987,6126.1,12465.68,15902.06,206.0,213.0,214.0,2470.0,2667.0,2729.5499999999997,8
7232bc533c21ce408d45d473,f3c83d3f-0563-4e35-aa47-2e79402b0105,2026-08-04 23:30:58.793000+00:00,2026-08-05 01:03:25.646000+00:00,1789,472.0,0.2638345444382337,4,validation,47.1,100.0,100.0,43.9,47.3,51.4,7.7,7.7,7.7,0.0,0.0,0.0,0.0,0.0655,0.1556,0.0778,0.2935299999999999,0.6337799999999979,7531.4,12339.59,14246.9,203.0,206.0,209.0,2383.0,2493.0,2522.6,9
7232bc533c21ce408d45d473,96f661cc-1233-4539-a814-c4c352953500,2026-08-08 10:43:00.803000+00:00,2026-08-08 11:15:03.547000+00:00,247,144.0,0.582995951417004,3,validation,84.1,100.0,100.0,56.1,60.6,61.1,6.4,6.5,6.5,0.0,0.001,0.0075,0.26015,9.26585,21.479625,0.46775,7.966849999999999,13.520275,12026.3,18853.199999999997,20846.1,263.0,270.0,270.7,3442.0,3672.2,3791.1,10
7232bc533c21ce408d45d473,b1dd3935-56dd-4497-a77e-67128988e2c9,2026-08-09 15:40:47.081000+00:00,2026-08-09 15:50:54.919000+00:00,268,268.0,1.0,1,validation,90.75,100.0,100.0,39.1,39.9,48.665,4.3,5.0,6.5,0.0,0.001,0.001,0.5837,45.31944000000001,61.401939999999996,0.2952,2.19232,4.782749999999997,8557.4,16393.78,24816.01,212.0,224.0,258.0,2668.0,2835.2,3935.65,11
a0f8c86097e55fbfa506d057,2e9f4457-2a7f-4647-87ed-b86ac6343d33,2026-07-27 12:17:19.031000+00:00,2026-07-27 12:29:16.187000+00:00,182,0.0,0.0,1,train,64.65,76.99,82.12499999999999,75.35,76.9,77.19500000000001,6.6,7.2,7.2,0.0,0.003,0.005,0.1024,0.382,0.9412,0.2805,3.726,5.3032,22647.3,45854.9,46431.4,288.0,291.0,291.0,3569.0,3656.9,3677.95,1
a0f8c86097e55fbfa506d057,f24e9c1a-f11e-405c-b663-45fa6e25c405,2026-07-27 13:16:45.456000+00:00,2026-07-27 15:27:24.379000+00:00,3860,453.0,0.11735751295336788,1,train,50.4,66.4,73.4,86.2,90.4,91.1,10.9,12.8,12.9,0.0,0.001,0.003,0.3156,3.7582600000000013,6.7728,0.4347,9.145120000000004,17.178669999999997,19756.2,33111.62000000001,41142.65999999999,303.0,308.0,310.0,3803.0,3967.0,4010.0,2
a0f8c86097e55fbfa506d057,373070d1-ba59-4244-88ab-2d44a21f4983,2026-07-27 22:57:32.661000+00:00,2026-07-27 23:06:14.948000+00:00,261,0.0,0.0,1,train,22.8,29.1,34.2,46.7,47.3,47.3,2.9,2.9,2.9,0.0,0.0,0.0,0.0655,0.16859999999999997,0.5113349999999968,0.183,0.5635399999999999,0.8812099999999997,2743.3,4732.9800000000005,5010.484999999999,232.0,235.0,238.0,2672.0,2767.0,2780.0,3
a0f8c86097e55fbfa506d057,70577f8e-1430-4489-8602-2096521ab84e,2026-07-28 17:22:42.771000+00:00,2026-07-28 21:12:01.059000+00:00,5603,1402.0,0.25022309477065857,2,train,49.8,85.9,92.4,68.4,93.5,95.1,3.0,19.0,19.0,0.0,0.002,0.003,0.274,6.691740000000008,17.222424999999998,0.3462,9.12928000000001,16.12937499999998,34872.9,79067.39000000003,88213.98499999999,280.0,308.0,311.0,3557.0,4040.0,4258.9,4
a0f8c86097e55fbfa506d057,fc583c4c-4107-450e-959d-c74895b57935,2026-07-31 18:49:23.239000+00:00,2026-07-31 23:42:47.986000+00:00,7440,5277.0,0.709274193548387,1,train,73.3,89.4,93.1,91.2,95.1,95.8,17.4,27.5,30.5,0.0,0.003,0.006099999999999455,0.5019,4.81532,11.704889999999944,0.7095,8.306739999999998,13.811329999999986,53246.3,73915.58,82449.03,300.0,306.0,309.0,3756.0,3915.0,4142.0,5
a0f8c86097e55fbfa506d057,e4e219be-13ba-4874-aad6-93d0b6f5f289,2026-08-01 15:31:13.418000+00:00,2026-08-01 18:13:16.656000+00:00,3419,690.0,0.20181339572974555,3,train,68.7,82.3,88.51999999999998,84.1,89.3,92.5,41.8,43.6,43.7,0.0,0.002,0.005,0.73535,5.767420000000002,13.135029999999949,1.1008,7.28355,13.697509999999985,49387.75,69118.95000000001,74699.12999999998,328.0,333.0,335.0,4221.0,4335.200000000001,4423.0,6
a0f8c86097e55fbfa506d057,67c192c0-13a4-427a-b8e3-193c8fd99883,2026-08-02 21:29:18.079000+00:00,2026-08-03 01:45:34.480000+00:00,6536,1078.0,0.1649326805385557,3,train,47.1,62.7,68.3,85.2,91.3,92.1,17.0,19.8,19.9,0.0,0.001,0.0032999999999992723,0.3481,4.458840000000017,9.33661999999997,0.5427,6.119520000000001,15.478109999999976,16304.2,30202.260000000006,40515.92999999998,328.0,356.0,358.0,4401.5,4882.0,4946.0,7
a0f8c86097e55fbfa506d057,28ca5ae9-faed-4da3-8350-e2605f94aa88,2026-08-03 11:20:37.813000+00:00,2026-08-03 18:24:30.741000+00:00,8125,3666.0,0.4512,4,train,58.4,86.8,93.4,87.3,93.4,95.0,17.1,29.1,29.6,0.0,0.002,0.004,0.8281499999999999,7.65871,18.19252999999996,0.9162,7.689729999999998,11.980219999999989,29183.15,67983.45999999999,80730.61499999996,351.0,371.0,374.0,4636.0,4810.6,4867.0,8
a0f8c86097e55fbfa506d057,4c9f7e66-830f-4c54-bfd5-f4d898f5464e,2026-08-04 12:24:37.925000+00:00,2026-08-04 20:19:20.501000+00:00,3753,3190.0,0.8499866773248068,2,train,95.5,99.9,100.0,86.6,94.9,95.8,14.3,22.5,22.8,0.0,0.003,0.005,0.81155,8.716640000000003,22.493999999999982,1.8166,9.154930000000002,14.047874999999994,69230.5,82127.52,87074.495,344.0,359.0,361.0,4694.0,5009.0,5048.4,9
a0f8c86097e55fbfa506d057,ea7c3f9f-8a45-4892-8f21-a77488321622,2026-08-04 21:29:06.600000+00:00,2026-08-04 22:16:53.099000+00:00,533,533.0,1.0,2,train,90.3,98.6,99.6,88.5,95.5,96.1,25.6,26.3,26.4,0.0,0.002,0.004,0.52035,10.480129999999999,15.594339999999994,0.8936,3.682030000000001,7.4323199999999945,58182.35,66494.54000000001,68736.835,381.0,391.0,394.0,5284.0,5627.6,5841.999999999999,10
a0f8c86097e55fbfa506d057,c89dd147-c631-4848-a604-72c697e9da2b,2026-08-06 14:32:22.080000+00:00,2026-08-06 17:07:12.117000+00:00,2005,1985.0,0.9900249376558603,2,train,89.8,99.8,100.0,91.8,96.2,96.7,30.3,33.7,33.9,0.0,0.003,0.005,1.28755,10.823350000000001,22.01677999999999,1.1069,6.963020000000001,11.167534999999999,58565.95,67233.15,71088.465,373.0,382.0,384.0,5156.0,5336.0,5371.0,11
a0f8c86097e55fbfa506d057,0fc9db54-83d3-456a-b9ea-1aa8a6f66cf9,2026-08-08 13:01:34.316000+00:00,2026-08-08 13:02:13.174000+00:00,5,5.0,1.0,1,validation,86.5,90.46,90.88,96.5,97.0,97.0,6.7,6.7,6.7,0.001,0.001,0.001,2.49825,6.745010000000001,7.244704999999999,0.64615,5.036170000000001,5.959434999999997,31849.149999999998,35426.97,35989.635,320.0,322.0,322.0,4536.0,4559.4,4562.2,12
a0f8c86097e55fbfa506d057,baa2a6f4-7121-4bce-9c80-611ebc22ceaf,2026-08-09 12:51:28.265000+00:00,2026-08-09 20:19:35.607000+00:00,8602,1747.0,0.20309230411532203,5,validation,47.3,73.1,79.7,84.0,91.6,93.0,12.1,14.9,15.7,0.0,0.002,0.004,0.2847,4.289,8.619,0.3674,6.0709,11.9434,11902.4,27152.2,35877.2,315.0,344.0,349.0,4288.0,4800.0,4899.95,13
d588df123ac0d0ce20b112ac,af502e6e-1657-4248-8b91-ce01c14277b9,2026-08-03 15:11:29.523000+00:00,2026-08-03 19:18:18.043000+00:00,3087,225.0,0.0728862973760933,5,train,11.6,20.8,26.309999999999945,67.3,70.7,71.3,3.4,7.3,7.4,0.0,0.001,0.022,0.0,0.2602,0.8431,0.0891,1.8026499999999999,4.61955,5844.65,13849.45,18908.975,264.0,274.0,275.0,3675.0,3853.4,3900.7,1
d588df123ac0d0ce20b112ac,9753a7c0-658b-4111-8e40-d347a98a680a,2026-08-03 22:38:29.605000+00:00,2026-08-03 22:58:17.040000+00:00,377,0.0,0.0,1,train,13.1,29.160000000000014,38.35999999999999,66.3,69.44000000000001,69.8,7.1,7.340000000000003,7.4,0.0,0.0005,0.024,0.0,0.24675,0.76965,0.084,0.97795,2.76445,4963.799999999999,14938.95,18718.699999999997,268.0,273.0,273.0,3698.0,3879.0,3937.0,2
d588df123ac0d0ce20b112ac,d4a43abe-57cb-4513-b782-4b927879f358,2026-08-03 23:04:11.516000+00:00,2026-08-04 00:15:46.746000+00:00,774,0.0,0.0,3,train,10.45,18.1,22.369999999999983,58.1,68.5,68.9,6.9,7.1,7.1,0.0,0.0,0.023,0.0,0.038680000000000415,0.580479999999998,0.0533,0.23430000000000006,1.486379999999998,4699.3,7857.740000000008,9922.499999999996,257.0,264.0,265.0,3518.5,3780.7,3918.0,3
d588df123ac0d0ce20b112ac,22fc3390-8d4a-4b01-b11e-c10adffcab2d,2026-08-04 20:58:49.121000+00:00,2026-08-04 21:24:57.744000+00:00,620,0.0,0.0,1,train,8.0,19.51,26.704999999999995,46.2,47.3,48.2,3.8,5.0,5.0,0.0,0.0,0.014,0.0092,1.1141800000000004,3.5346600000000015,0.086,1.3647200000000004,3.498160000000005,2938.6,10853.000000000005,14321.830000000002,221.0,228.0,231.0,2909.5,3193.4,3506.5999999999995,4
d588df123ac0d0ce20b112ac,1e0bd844-6541-4320-8474-1b01bab00799,2026-08-04 23:33:54.369000+00:00,2026-08-04 23:39:14+00:00,160,0.0,0.0,1,train,4.6,13.42,15.709999999999996,45.8,47.1,47.105,3.8,3.8,3.8,0.0,0.0,0.0010999999999999374,0.0,0.1334800000000002,0.22283999999999993,0.0635,0.6050600000000003,0.9010999999999998,1144.3,5304.600000000007,10017.959999999995,219.0,226.1,227.0,3287.0,3530.9,3620.05,5
d588df123ac0d0ce20b112ac,e4d80512-c282-45fb-8d13-e4e33eebfd72,2026-08-05 21:54:47.901000+00:00,2026-08-05 21:56:41.657000+00:00,57,0.0,0.0,1,train,10.2,19.24,20.24,71.7,73.0,73.0,23.9,23.9,23.9,0.0,0.0,0.002,0.00205,0.05735,0.302075,0.0901,0.26935,0.75505,6563.1,9479.2,10993.875,262.0,263.0,263.0,3725.0,3803.4,3807.0,6
d588df123ac0d0ce20b112ac,6a1c86bc-1e52-4235-ac04-6d94cf1c3c5e,2026-08-05 22:07:04.866000+00:00,2026-08-05 22:52:04.309000+00:00,697,299.0,0.42898134863701576,3,train,21.7,100.0,100.0,70.8,82.3,82.5,24.6,33.14,35.0,0.0,0.0,0.02025,0.0,0.0451,0.1475,0.0737,0.5683,0.7933749999999999,7685.75,11404.150000000001,13058.6,259.0,263.0,263.0,3565.0,3669.0,3693.2,7
d588df123ac0d0ce20b112ac,f630b56e-4353-401a-bf40-5ed332d157f9,2026-08-05 23:32:57.988000+00:00,2026-08-05 23:34:35.403000+00:00,50,50.0,1.0,1,train,100.0,100.0,100.0,44.2,44.21,44.3,0.0,0.0,0.0,0.0,0.011200000000000002,0.025399999999999978,0.342,3.1422600000000007,4.090879999999999,0.2662,1.9697200000000006,2.737039999999995,7433.0,11026.36,11665.779999999999,201.0,203.1,204.0,3259.0,3409.0,3447.75,8
d588df123ac0d0ce20b112ac,00f4a034-46ce-498e-b844-f1aa52fc6800,2026-08-06 00:08:42.091000+00:00,2026-08-06 00:11:50.543000+00:00,90,90.0,1.0,1,train,100.0,100.0,100.0,54.75,55.51,55.6,0.0,0.0,0.0,0.0,0.0,0.014299999999999926,0.0082,0.025800000000000083,0.04669999999999997,0.0553,0.1551000000000001,0.1984399999999999,2582.5,4102.85,4633.44,218.0,220.0,220.0,3019.5,3431.0,3443.1,9
d588df123ac0d0ce20b112ac,cc2a1e74-06e7-4cb1-92cd-6b21a91f240f,2026-08-07 15:01:20.613000+00:00,2026-08-07 15:04:38.288000+00:00,87,87.0,1.0,1,train,100.0,100.0,100.0,71.2,71.44,71.98,18.3,19.2,19.2,0.0,0.0,0.006500000000000001,0.0,0.35019999999999996,1.607375,0.0635,0.27085000000000004,0.3415,13859.8,14964.7,15479.25,225.0,226.0,226.0,3103.0,3203.0,3207.7,10
d588df123ac0d0ce20b112ac,a364637b-ebf8-43fa-8bd3-e46987008b24,2026-08-07 18:29:29.138000+00:00,2026-08-07 18:32:39.452000+00:00,94,94.0,1.0,1,train,100.0,100.0,100.0,59.1,59.5,59.6,19.8,19.8,19.8,0.0,0.0,0.0,0.0,0.000859999999999998,0.011599999999999932,0.041,0.11233999999999994,0.15565999999999983,2569.9,3618.9999999999995,5003.079999999996,223.0,225.0,225.0,2912.0,3047.0,3064.35,11
d588df123ac0d0ce20b112ac,6035cb87-b9f3-4e5d-90f3-c7fea3d65d9c,2026-08-07 19:34:11.953000+00:00,2026-08-07 23:11:16.361000+00:00,500,392.0,0.784,4,train,100.0,100.0,100.0,56.0,62.9,63.3,19.7,19.8,19.8,0.0,0.0,0.004,0.0,0.013119999999999955,0.06631999999999873,0.0389,0.17269999999999996,0.33901000000000003,3885.5,10357.899999999998,12221.06,224.0,226.0,230.0,2760.0,3052.3,3257.0499999999975,12
d588df123ac0d0ce20b112ac,cb0385d1-3fc6-46f1-83c5-f7338a4e7bac,2026-08-08 20:29:52.470000+00:00,2026-08-08 21:18:31.059000+00:00,882,882.0,1.0,3,train,100.0,100.0,100.0,50.849999999999994,51.7,51.9,2.5,2.5,2.5,0.0,0.0,0.0,0.0,0.0676,0.1516,0.0512,0.2274,0.5406,5657.1,12985.5,16539.7,209.0,217.0,221.0,2628.0,3195.6,3293.95,13
d588df123ac0d0ce20b112ac,bbe7c827-8a4d-4ba5-84f4-67c88a77fe20,2026-08-09 12:58:02.041000+00:00,2026-08-09 13:07:37.443000+00:00,212,0.0,0.0,1,train,11.05,14.3,22.579999999999995,45.1,45.3,45.345,0.0,0.0,0.0,0.0,0.0,0.008849999999999853,0.0164,0.09922,0.2130399999999999,0.0538,0.3909900000000001,0.7003900000000001,11545.849999999999,14416.83,15297.314999999999,209.0,211.0,213.0,2713.0,3182.8,3221.45,14
d588df123ac0d0ce20b112ac,35472c29-8dd3-49be-8d6b-1984d158745d,2026-08-09 18:51:41.220000+00:00,2026-08-09 23:27:39.313000+00:00,8277,8277.0,1.0,1,validation,100.0,100.0,100.0,47.5,50.6,51.1,3.5,3.5,3.5,0.0,0.0,0.0,0.0,0.0164,0.3113,0.041,0.1311,0.2252,39601.05,43461.0,45002.0,209.0,215.0,223.0,2592.0,2680.0,2714.0,15
