machine_id,run_id,segment_id,start_time,end_time,duration_seconds,row_count,median_interval_seconds,number_of_gaps_before_segment,safe_for_5min_label,safe_for_10min_label
0890dcc046c079acc4de4202,6835f125-a038-4092-beff-5107ae998b39,0890dcc046c079acc4de4202__6835f125-a038-4092-beff-5107ae998b39__seg_001,2026-07-25 14:45:59.803000+00:00,2026-07-25 16:45:56.941000+00:00,7197.138,3600,2.0,0,True,True
0890dcc046c079acc4de4202,89cdc34b-e02b-43b4-9284-144276df508a,0890dcc046c079acc4de4202__89cdc34b-e02b-43b4-9284-144276df508a__seg_001,2026-07-23 15:00:46.964000+00:00,2026-07-23 18:54:00.968000+00:00,13994.004,6998,2.0,0,True,True
0890dcc046c079acc4de4202,89cdc34b-e02b-43b4-9284-144276df508a,0890dcc046c079acc4de4202__89cdc34b-e02b-43b4-9284-144276df508a__seg_002,2026-07-23 19:03:37.276000+00:00,2026-07-23 20:03:10.848000+00:00,3573.572,1788,1.999,1,True,True
7232bc533c21ce408d45d473,19127a70-e60c-4b47-b3e6-71e89175c174,7232bc533c21ce408d45d473__19127a70-e60c-4b47-b3e6-71e89175c174__seg_001,2026-07-29 13:35:20.985000+00:00,2026-07-29 13:45:26.708000+00:00,605.723,211,2.125,0,True,False
7232bc533c21ce408d45d473,d88b15dd-1915-43ca-90ef-69f31ff4d9c1,7232bc533c21ce408d45d473__d88b15dd-1915-43ca-90ef-69f31ff4d9c1__seg_001,2026-07-28 10:38:24.832000+00:00,2026-07-28 10:40:42.495000+00:00,137.663,43,2.35,0,False,False
7232bc533c21ce408d45d473,d88b15dd-1915-43ca-90ef-69f31ff4d9c1,7232bc533c21ce408d45d473__d88b15dd-1915-43ca-90ef-69f31ff4d9c1__seg_002,2026-07-28 10:40:53.862000+00:00,2026-07-28 10:50:57.457000+00:00,603.595,214,2.027,1,True,False
7232bc533c21ce408d45d473,d88b15dd-1915-43ca-90ef-69f31ff4d9c1,7232bc533c21ce408d45d473__d88b15dd-1915-43ca-90ef-69f31ff4d9c1__seg_003,2026-07-28 10:51:07.818000+00:00,2026-07-28 10:51:09.343000+00:00,1.525,2,1.525,2,False,False
7232bc533c21ce408d45d473,d88b15dd-1915-43ca-90ef-69f31ff4d9c1,7232bc533c21ce408d45d473__d88b15dd-1915-43ca-90ef-69f31ff4d9c1__seg_004,2026-07-28 10:51:22.201000+00:00,2026-07-28 10:56:31.501000+00:00,309.3,115,2.0389999999999997,3,False,False
7232bc533c21ce408d45d473,d88b15dd-1915-43ca-90ef-69f31ff4d9c1,7232bc533c21ce408d45d473__d88b15dd-1915-43ca-90ef-69f31ff4d9c1__seg_005,2026-07-28 10:56:45.655000+00:00,2026-07-28 11:09:08.328000+00:00,742.673,295,2.027,4,True,True
7232bc533c21ce408d45d473,d88b15dd-1915-43ca-90ef-69f31ff4d9c1,7232bc533c21ce408d45d473__d88b15dd-1915-43ca-90ef-69f31ff4d9c1__seg_006,2026-07-28 11:09:21.149000+00:00,2026-07-28 11:09:21.149000+00:00,0.0,1,,5,False,False
7232bc533c21ce408d45d473,d88b15dd-1915-43ca-90ef-69f31ff4d9c1,7232bc533c21ce408d45d473__d88b15dd-1915-43ca-90ef-69f31ff4d9c1__seg_007,2026-07-28 11:09:33.248000+00:00,2026-07-28 11:09:33.248000+00:00,0.0,1,,6,False,False
7232bc533c21ce408d45d473,d88b15dd-1915-43ca-90ef-69f31ff4d9c1,7232bc533c21ce408d45d473__d88b15dd-1915-43ca-90ef-69f31ff4d9c1__seg_008,2026-07-28 11:09:45.276000+00:00,2026-07-28 11:09:45.276000+00:00,0.0,1,,7,False,False
7232bc533c21ce408d45d473,d88b15dd-1915-43ca-90ef-69f31ff4d9c1,7232bc533c21ce408d45d473__d88b15dd-1915-43ca-90ef-69f31ff4d9c1__seg_009,2026-07-28 11:09:57.470000+00:00,2026-07-28 11:09:57.470000+00:00,0.0,1,,8,False,False
7232bc533c21ce408d45d473,d88b15dd-1915-43ca-90ef-69f31ff4d9c1,7232bc533c21ce408d45d473__d88b15dd-1915-43ca-90ef-69f31ff4d9c1__seg_010,2026-07-28 11:10:09.454000+00:00,2026-07-28 11:10:09.454000+00:00,0.0,1,,9,False,False
7232bc533c21ce408d45d473,d88b15dd-1915-43ca-90ef-69f31ff4d9c1,7232bc533c21ce408d45d473__d88b15dd-1915-43ca-90ef-69f31ff4d9c1__seg_011,2026-07-28 11:10:20.880000+00:00,2026-07-28 11:10:20.880000+00:00,0.0,1,,10,False,False
7232bc533c21ce408d45d473,d88b15dd-1915-43ca-90ef-69f31ff4d9c1,7232bc533c21ce408d45d473__d88b15dd-1915-43ca-90ef-69f31ff4d9c1__seg_012,2026-07-28 11:10:32.927000+00:00,2026-07-28 11:10:32.927000+00:00,0.0,1,,11,False,False
7232bc533c21ce408d45d473,d88b15dd-1915-43ca-90ef-69f31ff4d9c1,7232bc533c21ce408d45d473__d88b15dd-1915-43ca-90ef-69f31ff4d9c1__seg_013,2026-07-28 11:10:45.718000+00:00,2026-07-28 11:10:45.718000+00:00,0.0,1,,12,False,False
7232bc533c21ce408d45d473,d88b15dd-1915-43ca-90ef-69f31ff4d9c1,7232bc533c21ce408d45d473__d88b15dd-1915-43ca-90ef-69f31ff4d9c1__seg_014,2026-07-28 11:10:57.027000+00:00,2026-07-28 11:21:04.989000+00:00,607.962,252,2.026,13,True,True
7232bc533c21ce408d45d473,d88b15dd-1915-43ca-90ef-69f31ff4d9c1,7232bc533c21ce408d45d473__d88b15dd-1915-43ca-90ef-69f31ff4d9c1__seg_015,2026-07-28 11:21:16.217000+00:00,2026-07-28 11:21:16.217000+00:00,0.0,1,,14,False,False
7232bc533c21ce408d45d473,d88b15dd-1915-43ca-90ef-69f31ff4d9c1,7232bc533c21ce408d45d473__d88b15dd-1915-43ca-90ef-69f31ff4d9c1__seg_016,2026-07-28 11:21:30.140000+00:00,2026-07-28 11:21:30.140000+00:00,0.0,1,,15,False,False
7232bc533c21ce408d45d473,d88b15dd-1915-43ca-90ef-69f31ff4d9c1,7232bc533c21ce408d45d473__d88b15dd-1915-43ca-90ef-69f31ff4d9c1__seg_017,2026-07-28 11:21:43.083000+00:00,2026-07-28 11:21:43.083000+00:00,0.0,1,,16,False,False
7232bc533c21ce408d45d473,d88b15dd-1915-43ca-90ef-69f31ff4d9c1,7232bc533c21ce408d45d473__d88b15dd-1915-43ca-90ef-69f31ff4d9c1__seg_018,2026-07-28 11:21:54.179000+00:00,2026-07-28 11:25:58.006000+00:00,243.827,94,2.045,17,False,False
7232bc533c21ce408d45d473,d88b15dd-1915-43ca-90ef-69f31ff4d9c1,7232bc533c21ce408d45d473__d88b15dd-1915-43ca-90ef-69f31ff4d9c1__seg_019,2026-07-28 11:26:17.585000+00:00,2026-07-28 11:26:17.585000+00:00,0.0,1,,18,False,False
7232bc533c21ce408d45d473,d88b15dd-1915-43ca-90ef-69f31ff4d9c1,7232bc533c21ce408d45d473__d88b15dd-1915-43ca-90ef-69f31ff4d9c1__seg_020,2026-07-28 11:26:31.953000+00:00,2026-07-28 11:26:31.953000+00:00,0.0,1,,19,False,False
7232bc533c21ce408d45d473,d88b15dd-1915-43ca-90ef-69f31ff4d9c1,7232bc533c21ce408d45d473__d88b15dd-1915-43ca-90ef-69f31ff4d9c1__seg_021,2026-07-28 11:26:46.317000+00:00,2026-07-28 11:26:46.317000+00:00,0.0,1,,20,False,False
7232bc533c21ce408d45d473,d88b15dd-1915-43ca-90ef-69f31ff4d9c1,7232bc533c21ce408d45d473__d88b15dd-1915-43ca-90ef-69f31ff4d9c1__seg_022,2026-07-28 11:27:02.845000+00:00,2026-07-28 11:27:02.845000+00:00,0.0,1,,21,False,False
7232bc533c21ce408d45d473,d88b15dd-1915-43ca-90ef-69f31ff4d9c1,7232bc533c21ce408d45d473__d88b15dd-1915-43ca-90ef-69f31ff4d9c1__seg_023,2026-07-28 11:27:20.920000+00:00,2026-07-28 11:27:20.920000+00:00,0.0,1,,22,False,False
7232bc533c21ce408d45d473,d88b15dd-1915-43ca-90ef-69f31ff4d9c1,7232bc533c21ce408d45d473__d88b15dd-1915-43ca-90ef-69f31ff4d9c1__seg_024,2026-07-28 11:27:35.287000+00:00,2026-07-28 11:27:35.287000+00:00,0.0,1,,23,False,False
7232bc533c21ce408d45d473,d88b15dd-1915-43ca-90ef-69f31ff4d9c1,7232bc533c21ce408d45d473__d88b15dd-1915-43ca-90ef-69f31ff4d9c1__seg_025,2026-07-28 11:27:46.411000+00:00,2026-07-28 11:35:14.434000+00:00,448.023,182,2.057,24,True,False
7232bc533c21ce408d45d473,d88b15dd-1915-43ca-90ef-69f31ff4d9c1,7232bc533c21ce408d45d473__d88b15dd-1915-43ca-90ef-69f31ff4d9c1__seg_026,2026-07-28 11:35:25.553000+00:00,2026-07-28 11:37:38.910000+00:00,133.357,42,2.11,25,False,False
7232bc533c21ce408d45d473,d88b15dd-1915-43ca-90ef-69f31ff4d9c1,7232bc533c21ce408d45d473__d88b15dd-1915-43ca-90ef-69f31ff4d9c1__seg_027,2026-07-28 11:37:51.213000+00:00,2026-07-28 11:37:51.213000+00:00,0.0,1,,26,False,False
7232bc533c21ce408d45d473,d88b15dd-1915-43ca-90ef-69f31ff4d9c1,7232bc533c21ce408d45d473__d88b15dd-1915-43ca-90ef-69f31ff4d9c1__seg_028,2026-07-28 11:38:02.738000+00:00,2026-07-28 11:58:20.225000+00:00,1217.487,484,2.067,27,True,True
7232bc533c21ce408d45d473,d88b15dd-1915-43ca-90ef-69f31ff4d9c1,7232bc533c21ce408d45d473__d88b15dd-1915-43ca-90ef-69f31ff4d9c1__seg_029,2026-07-28 11:58:31.449000+00:00,2026-07-28 11:59:59.839000+00:00,88.39,15,8.665500000000002,28,False,False
7232bc533c21ce408d45d473,d88b15dd-1915-43ca-90ef-69f31ff4d9c1,7232bc533c21ce408d45d473__d88b15dd-1915-43ca-90ef-69f31ff4d9c1__seg_030,2026-07-28 12:10:53.034000+00:00,2026-07-28 12:22:14.981000+00:00,681.947,228,2.159,29,True,True
7232bc533c21ce408d45d473,d88b15dd-1915-43ca-90ef-69f31ff4d9c1,7232bc533c21ce408d45d473__d88b15dd-1915-43ca-90ef-69f31ff4d9c1__seg_031,2026-07-28 12:22:28.066000+00:00,2026-07-28 12:22:28.066000+00:00,0.0,1,,30,False,False
7232bc533c21ce408d45d473,d88b15dd-1915-43ca-90ef-69f31ff4d9c1,7232bc533c21ce408d45d473__d88b15dd-1915-43ca-90ef-69f31ff4d9c1__seg_032,2026-07-28 12:22:42.048000+00:00,2026-07-28 12:22:42.048000+00:00,0.0,1,,31,False,False
7232bc533c21ce408d45d473,d88b15dd-1915-43ca-90ef-69f31ff4d9c1,7232bc533c21ce408d45d473__d88b15dd-1915-43ca-90ef-69f31ff4d9c1__seg_033,2026-07-28 12:22:56.551000+00:00,2026-07-28 12:22:56.551000+00:00,0.0,1,,32,False,False
7232bc533c21ce408d45d473,d88b15dd-1915-43ca-90ef-69f31ff4d9c1,7232bc533c21ce408d45d473__d88b15dd-1915-43ca-90ef-69f31ff4d9c1__seg_034,2026-07-28 12:23:09.536000+00:00,2026-07-28 12:23:09.536000+00:00,0.0,1,,33,False,False
7232bc533c21ce408d45d473,d88b15dd-1915-43ca-90ef-69f31ff4d9c1,7232bc533c21ce408d45d473__d88b15dd-1915-43ca-90ef-69f31ff4d9c1__seg_035,2026-07-28 12:23:21.422000+00:00,2026-07-28 12:23:21.422000+00:00,0.0,1,,34,False,False
7232bc533c21ce408d45d473,d88b15dd-1915-43ca-90ef-69f31ff4d9c1,7232bc533c21ce408d45d473__d88b15dd-1915-43ca-90ef-69f31ff4d9c1__seg_036,2026-07-28 12:23:33.575000+00:00,2026-07-28 12:23:33.575000+00:00,0.0,1,,35,False,False
7232bc533c21ce408d45d473,d88b15dd-1915-43ca-90ef-69f31ff4d9c1,7232bc533c21ce408d45d473__d88b15dd-1915-43ca-90ef-69f31ff4d9c1__seg_037,2026-07-28 12:23:45.490000+00:00,2026-07-28 12:23:45.490000+00:00,0.0,1,,36,False,False
7232bc533c21ce408d45d473,d88b15dd-1915-43ca-90ef-69f31ff4d9c1,7232bc533c21ce408d45d473__d88b15dd-1915-43ca-90ef-69f31ff4d9c1__seg_038,2026-07-28 12:23:57.428000+00:00,2026-07-28 12:23:57.428000+00:00,0.0,1,,37,False,False
7232bc533c21ce408d45d473,d88b15dd-1915-43ca-90ef-69f31ff4d9c1,7232bc533c21ce408d45d473__d88b15dd-1915-43ca-90ef-69f31ff4d9c1__seg_039,2026-07-28 12:24:09.269000+00:00,2026-07-28 12:24:09.269000+00:00,0.0,1,,38,False,False
7232bc533c21ce408d45d473,d88b15dd-1915-43ca-90ef-69f31ff4d9c1,7232bc533c21ce408d45d473__d88b15dd-1915-43ca-90ef-69f31ff4d9c1__seg_040,2026-07-28 12:24:21.482000+00:00,2026-07-28 12:24:21.482000+00:00,0.0,1,,39,False,False
7232bc533c21ce408d45d473,d88b15dd-1915-43ca-90ef-69f31ff4d9c1,7232bc533c21ce408d45d473__d88b15dd-1915-43ca-90ef-69f31ff4d9c1__seg_041,2026-07-28 12:24:33.576000+00:00,2026-07-28 12:24:33.576000+00:00,0.0,1,,40,False,False
7232bc533c21ce408d45d473,d88b15dd-1915-43ca-90ef-69f31ff4d9c1,7232bc533c21ce408d45d473__d88b15dd-1915-43ca-90ef-69f31ff4d9c1__seg_042,2026-07-28 12:24:45.271000+00:00,2026-07-28 12:24:45.271000+00:00,0.0,1,,41,False,False
7232bc533c21ce408d45d473,d88b15dd-1915-43ca-90ef-69f31ff4d9c1,7232bc533c21ce408d45d473__d88b15dd-1915-43ca-90ef-69f31ff4d9c1__seg_043,2026-07-28 12:24:57.209000+00:00,2026-07-28 12:24:57.209000+00:00,0.0,1,,42,False,False
7232bc533c21ce408d45d473,d88b15dd-1915-43ca-90ef-69f31ff4d9c1,7232bc533c21ce408d45d473__d88b15dd-1915-43ca-90ef-69f31ff4d9c1__seg_044,2026-07-28 12:25:08.397000+00:00,2026-07-28 12:33:22.497000+00:00,494.1,178,2.048,43,True,False
7232bc533c21ce408d45d473,d88b15dd-1915-43ca-90ef-69f31ff4d9c1,7232bc533c21ce408d45d473__d88b15dd-1915-43ca-90ef-69f31ff4d9c1__seg_045,2026-07-28 12:51:35.293000+00:00,2026-07-28 12:51:47.312000+00:00,12.019,3,6.0095,44,False,False
7232bc533c21ce408d45d473,d88b15dd-1915-43ca-90ef-69f31ff4d9c1,7232bc533c21ce408d45d473__d88b15dd-1915-43ca-90ef-69f31ff4d9c1__seg_046,2026-07-28 12:51:57.943000+00:00,2026-07-28 12:51:57.943000+00:00,0.0,1,,45,False,False
7232bc533c21ce408d45d473,d88b15dd-1915-43ca-90ef-69f31ff4d9c1,7232bc533c21ce408d45d473__d88b15dd-1915-43ca-90ef-69f31ff4d9c1__seg_047,2026-07-28 12:52:09.376000+00:00,2026-07-28 12:52:53.166000+00:00,43.79,7,10.0365,46,False,False
7232bc533c21ce408d45d473,d88b15dd-1915-43ca-90ef-69f31ff4d9c1,7232bc533c21ce408d45d473__d88b15dd-1915-43ca-90ef-69f31ff4d9c1__seg_048,2026-07-28 12:53:03.564000+00:00,2026-07-28 12:53:25.073000+00:00,21.509,4,9.727,47,False,False
7232bc533c21ce408d45d473,d88b15dd-1915-43ca-90ef-69f31ff4d9c1,7232bc533c21ce408d45d473__d88b15dd-1915-43ca-90ef-69f31ff4d9c1__seg_049,2026-07-28 12:53:35.436000+00:00,2026-07-28 13:01:09.213000+00:00,453.777,178,2.022,48,True,False
7232bc533c21ce408d45d473,d88b15dd-1915-43ca-90ef-69f31ff4d9c1,7232bc533c21ce408d45d473__d88b15dd-1915-43ca-90ef-69f31ff4d9c1__seg_050,2026-07-28 13:01:19.624000+00:00,2026-07-28 13:02:51.110000+00:00,91.486,15,9.775500000000001,49,False,False
7232bc533c21ce408d45d473,d88b15dd-1915-43ca-90ef-69f31ff4d9c1,7232bc533c21ce408d45d473__d88b15dd-1915-43ca-90ef-69f31ff4d9c1__seg_051,2026-07-28 13:03:01.419000+00:00,2026-07-28 13:03:10.951000+00:00,9.532,2,9.532,50,False,False
7232bc533c21ce408d45d473,d88b15dd-1915-43ca-90ef-69f31ff4d9c1,7232bc533c21ce408d45d473__d88b15dd-1915-43ca-90ef-69f31ff4d9c1__seg_052,2026-07-28 13:03:21.457000+00:00,2026-07-28 13:10:16.143000+00:00,414.686,163,2.0309999999999997,51,True,False
7232bc533c21ce408d45d473,ec61755d-b5be-42ac-875d-3123e92add7a,7232bc533c21ce408d45d473__ec61755d-b5be-42ac-875d-3123e92add7a__seg_001,2026-07-28 15:15:18.443000+00:00,2026-07-28 15:21:38.122000+00:00,379.679,96,2.234,0,False,False
7232bc533c21ce408d45d473,ec61755d-b5be-42ac-875d-3123e92add7a,7232bc533c21ce408d45d473__ec61755d-b5be-42ac-875d-3123e92add7a__seg_002,2026-07-28 15:21:49.070000+00:00,2026-07-28 15:25:06.462000+00:00,197.392,53,2.5385,1,False,False
7232bc533c21ce408d45d473,ec61755d-b5be-42ac-875d-3123e92add7a,7232bc533c21ce408d45d473__ec61755d-b5be-42ac-875d-3123e92add7a__seg_003,2026-07-28 15:25:18.800000+00:00,2026-07-28 15:25:18.800000+00:00,0.0,1,,2,False,False
7232bc533c21ce408d45d473,ec61755d-b5be-42ac-875d-3123e92add7a,7232bc533c21ce408d45d473__ec61755d-b5be-42ac-875d-3123e92add7a__seg_004,2026-07-28 15:25:31.653000+00:00,2026-07-28 15:25:31.653000+00:00,0.0,1,,3,False,False
7232bc533c21ce408d45d473,ec61755d-b5be-42ac-875d-3123e92add7a,7232bc533c21ce408d45d473__ec61755d-b5be-42ac-875d-3123e92add7a__seg_005,2026-07-28 15:25:43.065000+00:00,2026-07-28 15:25:43.065000+00:00,0.0,1,,4,False,False
7232bc533c21ce408d45d473,ec61755d-b5be-42ac-875d-3123e92add7a,7232bc533c21ce408d45d473__ec61755d-b5be-42ac-875d-3123e92add7a__seg_006,2026-07-28 15:25:55.207000+00:00,2026-07-28 15:25:55.207000+00:00,0.0,1,,5,False,False
7232bc533c21ce408d45d473,ec61755d-b5be-42ac-875d-3123e92add7a,7232bc533c21ce408d45d473__ec61755d-b5be-42ac-875d-3123e92add7a__seg_007,2026-07-28 15:26:07.151000+00:00,2026-07-28 15:26:07.151000+00:00,0.0,1,,6,False,False
7232bc533c21ce408d45d473,ec61755d-b5be-42ac-875d-3123e92add7a,7232bc533c21ce408d45d473__ec61755d-b5be-42ac-875d-3123e92add7a__seg_008,2026-07-28 15:26:20.885000+00:00,2026-07-28 15:26:20.885000+00:00,0.0,1,,7,False,False
7232bc533c21ce408d45d473,ec61755d-b5be-42ac-875d-3123e92add7a,7232bc533c21ce408d45d473__ec61755d-b5be-42ac-875d-3123e92add7a__seg_009,2026-07-28 15:26:33.292000+00:00,2026-07-28 15:26:33.292000+00:00,0.0,1,,8,False,False
7232bc533c21ce408d45d473,ec61755d-b5be-42ac-875d-3123e92add7a,7232bc533c21ce408d45d473__ec61755d-b5be-42ac-875d-3123e92add7a__seg_010,2026-07-28 15:26:45.041000+00:00,2026-07-28 15:26:45.041000+00:00,0.0,1,,9,False,False
7232bc533c21ce408d45d473,ec61755d-b5be-42ac-875d-3123e92add7a,7232bc533c21ce408d45d473__ec61755d-b5be-42ac-875d-3123e92add7a__seg_011,2026-07-28 15:26:56.811000+00:00,2026-07-28 15:26:56.811000+00:00,0.0,1,,10,False,False
7232bc533c21ce408d45d473,ec61755d-b5be-42ac-875d-3123e92add7a,7232bc533c21ce408d45d473__ec61755d-b5be-42ac-875d-3123e92add7a__seg_012,2026-07-28 15:27:09.099000+00:00,2026-07-28 15:27:09.099000+00:00,0.0,1,,11,False,False
7232bc533c21ce408d45d473,ec61755d-b5be-42ac-875d-3123e92add7a,7232bc533c21ce408d45d473__ec61755d-b5be-42ac-875d-3123e92add7a__seg_013,2026-07-28 15:27:20.781000+00:00,2026-07-28 15:27:20.781000+00:00,0.0,1,,12,False,False
7232bc533c21ce408d45d473,ec61755d-b5be-42ac-875d-3123e92add7a,7232bc533c21ce408d45d473__ec61755d-b5be-42ac-875d-3123e92add7a__seg_014,2026-07-28 15:27:32.096000+00:00,2026-07-28 15:27:32.096000+00:00,0.0,1,,13,False,False
7232bc533c21ce408d45d473,ec61755d-b5be-42ac-875d-3123e92add7a,7232bc533c21ce408d45d473__ec61755d-b5be-42ac-875d-3123e92add7a__seg_015,2026-07-28 15:27:43.062000+00:00,2026-07-28 15:31:14.837000+00:00,211.775,81,2.0700000000000003,14,False,False
7232bc533c21ce408d45d473,ec61755d-b5be-42ac-875d-3123e92add7a,7232bc533c21ce408d45d473__ec61755d-b5be-42ac-875d-3123e92add7a__seg_016,2026-07-28 15:31:25.333000+00:00,2026-07-28 15:32:06.286000+00:00,40.953,6,9.931,15,False,False
7232bc533c21ce408d45d473,ec61755d-b5be-42ac-875d-3123e92add7a,7232bc533c21ce408d45d473__ec61755d-b5be-42ac-875d-3123e92add7a__seg_017,2026-07-28 15:32:16.851000+00:00,2026-07-28 15:36:28.597000+00:00,251.746,74,2.307,16,False,False
7232bc533c21ce408d45d473,ec61755d-b5be-42ac-875d-3123e92add7a,7232bc533c21ce408d45d473__ec61755d-b5be-42ac-875d-3123e92add7a__seg_018,2026-07-28 15:36:41.786000+00:00,2026-07-28 15:36:41.786000+00:00,0.0,1,,17,False,False
7232bc533c21ce408d45d473,ec61755d-b5be-42ac-875d-3123e92add7a,7232bc533c21ce408d45d473__ec61755d-b5be-42ac-875d-3123e92add7a__seg_019,2026-07-28 15:36:55.571000+00:00,2026-07-28 15:36:55.571000+00:00,0.0,1,,18,False,False
7232bc533c21ce408d45d473,ec61755d-b5be-42ac-875d-3123e92add7a,7232bc533c21ce408d45d473__ec61755d-b5be-42ac-875d-3123e92add7a__seg_020,2026-07-28 15:37:07.180000+00:00,2026-07-28 15:37:07.180000+00:00,0.0,1,,19,False,False
7232bc533c21ce408d45d473,ec61755d-b5be-42ac-875d-3123e92add7a,7232bc533c21ce408d45d473__ec61755d-b5be-42ac-875d-3123e92add7a__seg_021,2026-07-28 15:37:19.222000+00:00,2026-07-28 15:37:19.222000+00:00,0.0,1,,20,False,False
7232bc533c21ce408d45d473,ec61755d-b5be-42ac-875d-3123e92add7a,7232bc533c21ce408d45d473__ec61755d-b5be-42ac-875d-3123e92add7a__seg_022,2026-07-28 15:37:31.092000+00:00,2026-07-28 15:37:31.092000+00:00,0.0,1,,21,False,False
7232bc533c21ce408d45d473,ec61755d-b5be-42ac-875d-3123e92add7a,7232bc533c21ce408d45d473__ec61755d-b5be-42ac-875d-3123e92add7a__seg_023,2026-07-28 15:37:43.388000+00:00,2026-07-28 15:37:43.388000+00:00,0.0,1,,22,False,False
7232bc533c21ce408d45d473,ec61755d-b5be-42ac-875d-3123e92add7a,7232bc533c21ce408d45d473__ec61755d-b5be-42ac-875d-3123e92add7a__seg_024,2026-07-28 15:37:55.258000+00:00,2026-07-28 15:37:55.258000+00:00,0.0,1,,23,False,False
7232bc533c21ce408d45d473,ec61755d-b5be-42ac-875d-3123e92add7a,7232bc533c21ce408d45d473__ec61755d-b5be-42ac-875d-3123e92add7a__seg_025,2026-07-28 15:38:07.219000+00:00,2026-07-28 15:38:07.219000+00:00,0.0,1,,24,False,False
7232bc533c21ce408d45d473,ec61755d-b5be-42ac-875d-3123e92add7a,7232bc533c21ce408d45d473__ec61755d-b5be-42ac-875d-3123e92add7a__seg_026,2026-07-28 15:38:20.462000+00:00,2026-07-28 15:38:20.462000+00:00,0.0,1,,25,False,False
7232bc533c21ce408d45d473,ec61755d-b5be-42ac-875d-3123e92add7a,7232bc533c21ce408d45d473__ec61755d-b5be-42ac-875d-3123e92add7a__seg_027,2026-07-28 15:38:33.383000+00:00,2026-07-28 15:38:33.383000+00:00,0.0,1,,26,False,False
7232bc533c21ce408d45d473,ec61755d-b5be-42ac-875d-3123e92add7a,7232bc533c21ce408d45d473__ec61755d-b5be-42ac-875d-3123e92add7a__seg_028,2026-07-28 15:38:45.062000+00:00,2026-07-28 15:38:45.062000+00:00,0.0,1,,27,False,False
7232bc533c21ce408d45d473,ec61755d-b5be-42ac-875d-3123e92add7a,7232bc533c21ce408d45d473__ec61755d-b5be-42ac-875d-3123e92add7a__seg_029,2026-07-28 15:38:57.025000+00:00,2026-07-28 15:38:57.025000+00:00,0.0,1,,28,False,False
7232bc533c21ce408d45d473,ec61755d-b5be-42ac-875d-3123e92add7a,7232bc533c21ce408d45d473__ec61755d-b5be-42ac-875d-3123e92add7a__seg_030,2026-07-28 15:39:09.715000+00:00,2026-07-28 15:39:09.715000+00:00,0.0,1,,29,False,False
7232bc533c21ce408d45d473,ec61755d-b5be-42ac-875d-3123e92add7a,7232bc533c21ce408d45d473__ec61755d-b5be-42ac-875d-3123e92add7a__seg_031,2026-07-28 15:39:23.721000+00:00,2026-07-28 15:54:23+00:00,899.279,312,2.133,30,True,True
7232bc533c21ce408d45d473,ec61755d-b5be-42ac-875d-3123e92add7a,7232bc533c21ce408d45d473__ec61755d-b5be-42ac-875d-3123e92add7a__seg_032,2026-07-28 15:54:35.347000+00:00,2026-07-28 15:54:35.347000+00:00,0.0,1,,31,False,False
7232bc533c21ce408d45d473,ec61755d-b5be-42ac-875d-3123e92add7a,7232bc533c21ce408d45d473__ec61755d-b5be-42ac-875d-3123e92add7a__seg_033,2026-07-28 15:54:47.859000+00:00,2026-07-28 15:54:47.859000+00:00,0.0,1,,32,False,False
7232bc533c21ce408d45d473,ec61755d-b5be-42ac-875d-3123e92add7a,7232bc533c21ce408d45d473__ec61755d-b5be-42ac-875d-3123e92add7a__seg_034,2026-07-28 15:55:01.657000+00:00,2026-07-28 15:55:01.657000+00:00,0.0,1,,33,False,False
7232bc533c21ce408d45d473,ec61755d-b5be-42ac-875d-3123e92add7a,7232bc533c21ce408d45d473__ec61755d-b5be-42ac-875d-3123e92add7a__seg_035,2026-07-28 15:55:15.046000+00:00,2026-07-28 15:55:15.046000+00:00,0.0,1,,34,False,False
7232bc533c21ce408d45d473,ec61755d-b5be-42ac-875d-3123e92add7a,7232bc533c21ce408d45d473__ec61755d-b5be-42ac-875d-3123e92add7a__seg_036,2026-07-28 15:55:27.540000+00:00,2026-07-28 15:55:27.540000+00:00,0.0,1,,35,False,False
7232bc533c21ce408d45d473,ec61755d-b5be-42ac-875d-3123e92add7a,7232bc533c21ce408d45d473__ec61755d-b5be-42ac-875d-3123e92add7a__seg_037,2026-07-28 15:55:40.546000+00:00,2026-07-28 15:55:40.546000+00:00,0.0,1,,36,False,False
7232bc533c21ce408d45d473,ec61755d-b5be-42ac-875d-3123e92add7a,7232bc533c21ce408d45d473__ec61755d-b5be-42ac-875d-3123e92add7a__seg_038,2026-07-28 15:55:53.260000+00:00,2026-07-28 15:55:53.260000+00:00,0.0,1,,37,False,False
7232bc533c21ce408d45d473,ec61755d-b5be-42ac-875d-3123e92add7a,7232bc533c21ce408d45d473__ec61755d-b5be-42ac-875d-3123e92add7a__seg_039,2026-07-28 15:56:05.108000+00:00,2026-07-28 15:56:05.108000+00:00,0.0,1,,38,False,False
7232bc533c21ce408d45d473,ec61755d-b5be-42ac-875d-3123e92add7a,7232bc533c21ce408d45d473__ec61755d-b5be-42ac-875d-3123e92add7a__seg_040,2026-07-28 15:56:17.041000+00:00,2026-07-28 15:56:17.041000+00:00,0.0,1,,39,False,False
7232bc533c21ce408d45d473,ec61755d-b5be-42ac-875d-3123e92add7a,7232bc533c21ce408d45d473__ec61755d-b5be-42ac-875d-3123e92add7a__seg_041,2026-07-28 15:56:29.380000+00:00,2026-07-28 15:56:29.380000+00:00,0.0,1,,40,False,False
7232bc533c21ce408d45d473,ec61755d-b5be-42ac-875d-3123e92add7a,7232bc533c21ce408d45d473__ec61755d-b5be-42ac-875d-3123e92add7a__seg_042,2026-07-28 15:56:41.138000+00:00,2026-07-28 15:56:41.138000+00:00,0.0,1,,41,False,False
7232bc533c21ce408d45d473,ec61755d-b5be-42ac-875d-3123e92add7a,7232bc533c21ce408d45d473__ec61755d-b5be-42ac-875d-3123e92add7a__seg_043,2026-07-28 15:56:53.124000+00:00,2026-07-28 15:56:53.124000+00:00,0.0,1,,42,False,False
7232bc533c21ce408d45d473,ec61755d-b5be-42ac-875d-3123e92add7a,7232bc533c21ce408d45d473__ec61755d-b5be-42ac-875d-3123e92add7a__seg_044,2026-07-28 15:57:04.947000+00:00,2026-07-28 15:57:04.947000+00:00,0.0,1,,43,False,False
7232bc533c21ce408d45d473,ec61755d-b5be-42ac-875d-3123e92add7a,7232bc533c21ce408d45d473__ec61755d-b5be-42ac-875d-3123e92add7a__seg_045,2026-07-28 15:57:16.997000+00:00,2026-07-28 15:57:16.997000+00:00,0.0,1,,44,False,False
7232bc533c21ce408d45d473,ec61755d-b5be-42ac-875d-3123e92add7a,7232bc533c21ce408d45d473__ec61755d-b5be-42ac-875d-3123e92add7a__seg_046,2026-07-28 15:57:29.135000+00:00,2026-07-28 15:57:29.135000+00:00,0.0,1,,45,False,False
7232bc533c21ce408d45d473,ec61755d-b5be-42ac-875d-3123e92add7a,7232bc533c21ce408d45d473__ec61755d-b5be-42ac-875d-3123e92add7a__seg_047,2026-07-28 15:57:41.158000+00:00,2026-07-28 15:57:41.158000+00:00,0.0,1,,46,False,False
7232bc533c21ce408d45d473,ec61755d-b5be-42ac-875d-3123e92add7a,7232bc533c21ce408d45d473__ec61755d-b5be-42ac-875d-3123e92add7a__seg_048,2026-07-28 15:57:53.370000+00:00,2026-07-28 15:57:53.370000+00:00,0.0,1,,47,False,False
7232bc533c21ce408d45d473,ec61755d-b5be-42ac-875d-3123e92add7a,7232bc533c21ce408d45d473__ec61755d-b5be-42ac-875d-3123e92add7a__seg_049,2026-07-28 15:58:05.049000+00:00,2026-07-28 15:58:05.049000+00:00,0.0,1,,48,False,False
7232bc533c21ce408d45d473,ec61755d-b5be-42ac-875d-3123e92add7a,7232bc533c21ce408d45d473__ec61755d-b5be-42ac-875d-3123e92add7a__seg_050,2026-07-28 15:58:17.049000+00:00,2026-07-28 15:58:17.049000+00:00,0.0,1,,49,False,False
7232bc533c21ce408d45d473,ec61755d-b5be-42ac-875d-3123e92add7a,7232bc533c21ce408d45d473__ec61755d-b5be-42ac-875d-3123e92add7a__seg_051,2026-07-28 15:58:30.310000+00:00,2026-07-28 15:58:30.310000+00:00,0.0,1,,50,False,False
7232bc533c21ce408d45d473,ec61755d-b5be-42ac-875d-3123e92add7a,7232bc533c21ce408d45d473__ec61755d-b5be-42ac-875d-3123e92add7a__seg_052,2026-07-28 15:58:43.669000+00:00,2026-07-28 15:58:43.669000+00:00,0.0,1,,51,False,False
7232bc533c21ce408d45d473,ec61755d-b5be-42ac-875d-3123e92add7a,7232bc533c21ce408d45d473__ec61755d-b5be-42ac-875d-3123e92add7a__seg_053,2026-07-28 15:58:57.535000+00:00,2026-07-28 15:58:57.535000+00:00,0.0,1,,52,False,False
7232bc533c21ce408d45d473,ec61755d-b5be-42ac-875d-3123e92add7a,7232bc533c21ce408d45d473__ec61755d-b5be-42ac-875d-3123e92add7a__seg_054,2026-07-28 15:59:09.091000+00:00,2026-07-28 15:59:09.091000+00:00,0.0,1,,53,False,False
7232bc533c21ce408d45d473,ec61755d-b5be-42ac-875d-3123e92add7a,7232bc533c21ce408d45d473__ec61755d-b5be-42ac-875d-3123e92add7a__seg_055,2026-07-28 15:59:21.959000+00:00,2026-07-28 15:59:21.959000+00:00,0.0,1,,54,False,False
7232bc533c21ce408d45d473,ec61755d-b5be-42ac-875d-3123e92add7a,7232bc533c21ce408d45d473__ec61755d-b5be-42ac-875d-3123e92add7a__seg_056,2026-07-28 15:59:35.534000+00:00,2026-07-28 15:59:35.534000+00:00,0.0,1,,55,False,False
7232bc533c21ce408d45d473,ec61755d-b5be-42ac-875d-3123e92add7a,7232bc533c21ce408d45d473__ec61755d-b5be-42ac-875d-3123e92add7a__seg_057,2026-07-28 15:59:47.256000+00:00,2026-07-28 15:59:47.256000+00:00,0.0,1,,56,False,False
7232bc533c21ce408d45d473,ec61755d-b5be-42ac-875d-3123e92add7a,7232bc533c21ce408d45d473__ec61755d-b5be-42ac-875d-3123e92add7a__seg_058,2026-07-28 15:59:59.083000+00:00,2026-07-28 15:59:59.083000+00:00,0.0,1,,57,False,False
7232bc533c21ce408d45d473,ec61755d-b5be-42ac-875d-3123e92add7a,7232bc533c21ce408d45d473__ec61755d-b5be-42ac-875d-3123e92add7a__seg_059,2026-07-28 16:00:12.291000+00:00,2026-07-28 16:00:12.291000+00:00,0.0,1,,58,False,False
7232bc533c21ce408d45d473,ec61755d-b5be-42ac-875d-3123e92add7a,7232bc533c21ce408d45d473__ec61755d-b5be-42ac-875d-3123e92add7a__seg_060,2026-07-28 16:00:22.919000+00:00,2026-07-28 16:16:38.469000+00:00,975.55,314,2.181,59,True,True
7232bc533c21ce408d45d473,ec61755d-b5be-42ac-875d-3123e92add7a,7232bc533c21ce408d45d473__ec61755d-b5be-42ac-875d-3123e92add7a__seg_061,2026-07-28 16:16:51.077000+00:00,2026-07-28 16:16:51.077000+00:00,0.0,1,,60,False,False
7232bc533c21ce408d45d473,ec61755d-b5be-42ac-875d-3123e92add7a,7232bc533c21ce408d45d473__ec61755d-b5be-42ac-875d-3123e92add7a__seg_062,2026-07-28 16:17:03.337000+00:00,2026-07-28 16:17:03.337000+00:00,0.0,1,,61,False,False
7232bc533c21ce408d45d473,ec61755d-b5be-42ac-875d-3123e92add7a,7232bc533c21ce408d45d473__ec61755d-b5be-42ac-875d-3123e92add7a__seg_063,2026-07-28 16:17:14.896000+00:00,2026-07-28 16:17:14.896000+00:00,0.0,1,,62,False,False
7232bc533c21ce408d45d473,ec61755d-b5be-42ac-875d-3123e92add7a,7232bc533c21ce408d45d473__ec61755d-b5be-42ac-875d-3123e92add7a__seg_064,2026-07-28 16:17:26.956000+00:00,2026-07-28 16:17:26.956000+00:00,0.0,1,,63,False,False
7232bc533c21ce408d45d473,ec61755d-b5be-42ac-875d-3123e92add7a,7232bc533c21ce408d45d473__ec61755d-b5be-42ac-875d-3123e92add7a__seg_065,2026-07-28 16:17:39.174000+00:00,2026-07-28 16:17:39.174000+00:00,0.0,1,,64,False,False
7232bc533c21ce408d45d473,ec61755d-b5be-42ac-875d-3123e92add7a,7232bc533c21ce408d45d473__ec61755d-b5be-42ac-875d-3123e92add7a__seg_066,2026-07-28 16:17:51.597000+00:00,2026-07-28 16:17:51.597000+00:00,0.0,1,,65,False,False
7232bc533c21ce408d45d473,ec61755d-b5be-42ac-875d-3123e92add7a,7232bc533c21ce408d45d473__ec61755d-b5be-42ac-875d-3123e92add7a__seg_067,2026-07-28 16:18:03.431000+00:00,2026-07-28 16:18:03.431000+00:00,0.0,1,,66,False,False
7232bc533c21ce408d45d473,ec61755d-b5be-42ac-875d-3123e92add7a,7232bc533c21ce408d45d473__ec61755d-b5be-42ac-875d-3123e92add7a__seg_068,2026-07-28 16:18:14.937000+00:00,2026-07-28 16:18:14.937000+00:00,0.0,1,,67,False,False
7232bc533c21ce408d45d473,ec61755d-b5be-42ac-875d-3123e92add7a,7232bc533c21ce408d45d473__ec61755d-b5be-42ac-875d-3123e92add7a__seg_069,2026-07-28 16:18:27.097000+00:00,2026-07-28 16:18:27.097000+00:00,0.0,1,,68,False,False
7232bc533c21ce408d45d473,ec61755d-b5be-42ac-875d-3123e92add7a,7232bc533c21ce408d45d473__ec61755d-b5be-42ac-875d-3123e92add7a__seg_070,2026-07-28 16:18:39.201000+00:00,2026-07-28 16:18:39.201000+00:00,0.0,1,,69,False,False
7232bc533c21ce408d45d473,ec61755d-b5be-42ac-875d-3123e92add7a,7232bc533c21ce408d45d473__ec61755d-b5be-42ac-875d-3123e92add7a__seg_071,2026-07-28 16:18:51.036000+00:00,2026-07-28 16:18:51.036000+00:00,0.0,1,,70,False,False
7232bc533c21ce408d45d473,ec61755d-b5be-42ac-875d-3123e92add7a,7232bc533c21ce408d45d473__ec61755d-b5be-42ac-875d-3123e92add7a__seg_072,2026-07-28 16:19:04.171000+00:00,2026-07-28 16:19:04.171000+00:00,0.0,1,,71,False,False
7232bc533c21ce408d45d473,ec61755d-b5be-42ac-875d-3123e92add7a,7232bc533c21ce408d45d473__ec61755d-b5be-42ac-875d-3123e92add7a__seg_073,2026-07-28 16:19:17.115000+00:00,2026-07-28 16:19:17.115000+00:00,0.0,1,,72,False,False
7232bc533c21ce408d45d473,ec61755d-b5be-42ac-875d-3123e92add7a,7232bc533c21ce408d45d473__ec61755d-b5be-42ac-875d-3123e92add7a__seg_074,2026-07-28 16:19:28.758000+00:00,2026-07-28 16:19:28.758000+00:00,0.0,1,,73,False,False
7232bc533c21ce408d45d473,ec61755d-b5be-42ac-875d-3123e92add7a,7232bc533c21ce408d45d473__ec61755d-b5be-42ac-875d-3123e92add7a__seg_075,2026-07-28 16:19:41.442000+00:00,2026-07-28 16:19:41.442000+00:00,0.0,1,,74,False,False
7232bc533c21ce408d45d473,ec61755d-b5be-42ac-875d-3123e92add7a,7232bc533c21ce408d45d473__ec61755d-b5be-42ac-875d-3123e92add7a__seg_076,2026-07-28 16:19:53.125000+00:00,2026-07-28 16:19:53.125000+00:00,0.0,1,,75,False,False
7232bc533c21ce408d45d473,ec61755d-b5be-42ac-875d-3123e92add7a,7232bc533c21ce408d45d473__ec61755d-b5be-42ac-875d-3123e92add7a__seg_077,2026-07-28 16:20:04.729000+00:00,2026-07-28 16:20:04.729000+00:00,0.0,1,,76,False,False
7232bc533c21ce408d45d473,ec61755d-b5be-42ac-875d-3123e92add7a,7232bc533c21ce408d45d473__ec61755d-b5be-42ac-875d-3123e92add7a__seg_078,2026-07-28 16:20:16.878000+00:00,2026-07-28 16:20:16.878000+00:00,0.0,1,,77,False,False
7232bc533c21ce408d45d473,ec61755d-b5be-42ac-875d-3123e92add7a,7232bc533c21ce408d45d473__ec61755d-b5be-42ac-875d-3123e92add7a__seg_079,2026-07-28 16:20:28.964000+00:00,2026-07-28 16:20:28.964000+00:00,0.0,1,,78,False,False
7232bc533c21ce408d45d473,ec61755d-b5be-42ac-875d-3123e92add7a,7232bc533c21ce408d45d473__ec61755d-b5be-42ac-875d-3123e92add7a__seg_080,2026-07-28 16:20:41.520000+00:00,2026-07-28 16:20:41.520000+00:00,0.0,1,,79,False,False
7232bc533c21ce408d45d473,ec61755d-b5be-42ac-875d-3123e92add7a,7232bc533c21ce408d45d473__ec61755d-b5be-42ac-875d-3123e92add7a__seg_081,2026-07-28 16:20:55.284000+00:00,2026-07-28 16:20:55.284000+00:00,0.0,1,,80,False,False
7232bc533c21ce408d45d473,ec61755d-b5be-42ac-875d-3123e92add7a,7232bc533c21ce408d45d473__ec61755d-b5be-42ac-875d-3123e92add7a__seg_082,2026-07-28 16:21:08.613000+00:00,2026-07-28 16:21:08.613000+00:00,0.0,1,,81,False,False
7232bc533c21ce408d45d473,ec61755d-b5be-42ac-875d-3123e92add7a,7232bc533c21ce408d45d473__ec61755d-b5be-42ac-875d-3123e92add7a__seg_083,2026-07-28 16:21:21.714000+00:00,2026-07-28 16:21:21.714000+00:00,0.0,1,,82,False,False
7232bc533c21ce408d45d473,ec61755d-b5be-42ac-875d-3123e92add7a,7232bc533c21ce408d45d473__ec61755d-b5be-42ac-875d-3123e92add7a__seg_084,2026-07-28 16:21:35.158000+00:00,2026-07-28 16:31:19.687000+00:00,584.529,186,2.117,83,True,False
7232bc533c21ce408d45d473,ec61755d-b5be-42ac-875d-3123e92add7a,7232bc533c21ce408d45d473__ec61755d-b5be-42ac-875d-3123e92add7a__seg_085,2026-07-28 16:31:33.380000+00:00,2026-07-28 16:31:33.380000+00:00,0.0,1,,84,False,False
7232bc533c21ce408d45d473,ec61755d-b5be-42ac-875d-3123e92add7a,7232bc533c21ce408d45d473__ec61755d-b5be-42ac-875d-3123e92add7a__seg_086,2026-07-28 16:31:45.027000+00:00,2026-07-28 16:31:45.027000+00:00,0.0,1,,85,False,False
7232bc533c21ce408d45d473,ec61755d-b5be-42ac-875d-3123e92add7a,7232bc533c21ce408d45d473__ec61755d-b5be-42ac-875d-3123e92add7a__seg_087,2026-07-28 16:31:58.456000+00:00,2026-07-28 16:31:58.456000+00:00,0.0,1,,86,False,False
7232bc533c21ce408d45d473,ec61755d-b5be-42ac-875d-3123e92add7a,7232bc533c21ce408d45d473__ec61755d-b5be-42ac-875d-3123e92add7a__seg_088,2026-07-28 16:32:11.065000+00:00,2026-07-28 16:32:11.065000+00:00,0.0,1,,87,False,False
7232bc533c21ce408d45d473,ec61755d-b5be-42ac-875d-3123e92add7a,7232bc533c21ce408d45d473__ec61755d-b5be-42ac-875d-3123e92add7a__seg_089,2026-07-28 16:32:23.376000+00:00,2026-07-28 16:32:23.376000+00:00,0.0,1,,88,False,False
7232bc533c21ce408d45d473,ec61755d-b5be-42ac-875d-3123e92add7a,7232bc533c21ce408d45d473__ec61755d-b5be-42ac-875d-3123e92add7a__seg_090,2026-07-28 16:32:35.021000+00:00,2026-07-28 16:32:35.021000+00:00,0.0,1,,89,False,False
7232bc533c21ce408d45d473,ec61755d-b5be-42ac-875d-3123e92add7a,7232bc533c21ce408d45d473__ec61755d-b5be-42ac-875d-3123e92add7a__seg_091,2026-07-28 16:32:47.079000+00:00,2026-07-28 16:32:47.079000+00:00,0.0,1,,90,False,False
7232bc533c21ce408d45d473,ec61755d-b5be-42ac-875d-3123e92add7a,7232bc533c21ce408d45d473__ec61755d-b5be-42ac-875d-3123e92add7a__seg_092,2026-07-28 16:32:58.950000+00:00,2026-07-28 16:32:58.950000+00:00,0.0,1,,91,False,False
7232bc533c21ce408d45d473,ec61755d-b5be-42ac-875d-3123e92add7a,7232bc533c21ce408d45d473__ec61755d-b5be-42ac-875d-3123e92add7a__seg_093,2026-07-28 16:33:10.778000+00:00,2026-07-28 16:33:10.778000+00:00,0.0,1,,92,False,False
7232bc533c21ce408d45d473,ec61755d-b5be-42ac-875d-3123e92add7a,7232bc533c21ce408d45d473__ec61755d-b5be-42ac-875d-3123e92add7a__seg_094,2026-07-28 16:33:22.767000+00:00,2026-07-28 16:33:22.767000+00:00,0.0,1,,93,False,False
7232bc533c21ce408d45d473,ec61755d-b5be-42ac-875d-3123e92add7a,7232bc533c21ce408d45d473__ec61755d-b5be-42ac-875d-3123e92add7a__seg_095,2026-07-28 16:33:35.291000+00:00,2026-07-28 16:33:35.291000+00:00,0.0,1,,94,False,False
7232bc533c21ce408d45d473,ec61755d-b5be-42ac-875d-3123e92add7a,7232bc533c21ce408d45d473__ec61755d-b5be-42ac-875d-3123e92add7a__seg_096,2026-07-28 16:33:47.554000+00:00,2026-07-28 16:33:47.554000+00:00,0.0,1,,95,False,False
7232bc533c21ce408d45d473,ec61755d-b5be-42ac-875d-3123e92add7a,7232bc533c21ce408d45d473__ec61755d-b5be-42ac-875d-3123e92add7a__seg_097,2026-07-28 16:33:59.262000+00:00,2026-07-28 16:33:59.262000+00:00,0.0,1,,96,False,False
7232bc533c21ce408d45d473,ec61755d-b5be-42ac-875d-3123e92add7a,7232bc533c21ce408d45d473__ec61755d-b5be-42ac-875d-3123e92add7a__seg_098,2026-07-28 16:34:11.110000+00:00,2026-07-28 16:34:11.110000+00:00,0.0,1,,97,False,False
7232bc533c21ce408d45d473,ec61755d-b5be-42ac-875d-3123e92add7a,7232bc533c21ce408d45d473__ec61755d-b5be-42ac-875d-3123e92add7a__seg_099,2026-07-28 16:34:24.717000+00:00,2026-07-28 16:34:24.717000+00:00,0.0,1,,98,False,False
7232bc533c21ce408d45d473,ec61755d-b5be-42ac-875d-3123e92add7a,7232bc533c21ce408d45d473__ec61755d-b5be-42ac-875d-3123e92add7a__seg_100,2026-07-28 16:34:37.253000+00:00,2026-07-28 16:34:37.253000+00:00,0.0,1,,99,False,False
7232bc533c21ce408d45d473,ec61755d-b5be-42ac-875d-3123e92add7a,7232bc533c21ce408d45d473__ec61755d-b5be-42ac-875d-3123e92add7a__seg_101,2026-07-28 16:34:49.054000+00:00,2026-07-28 16:34:49.054000+00:00,0.0,1,,100,False,False
7232bc533c21ce408d45d473,ec61755d-b5be-42ac-875d-3123e92add7a,7232bc533c21ce408d45d473__ec61755d-b5be-42ac-875d-3123e92add7a__seg_102,2026-07-28 16:35:01.317000+00:00,2026-07-28 16:35:01.317000+00:00,0.0,1,,101,False,False
7232bc533c21ce408d45d473,ec61755d-b5be-42ac-875d-3123e92add7a,7232bc533c21ce408d45d473__ec61755d-b5be-42ac-875d-3123e92add7a__seg_103,2026-07-28 16:35:13.030000+00:00,2026-07-28 16:35:13.030000+00:00,0.0,1,,102,False,False
7232bc533c21ce408d45d473,ec61755d-b5be-42ac-875d-3123e92add7a,7232bc533c21ce408d45d473__ec61755d-b5be-42ac-875d-3123e92add7a__seg_104,2026-07-28 16:35:25.579000+00:00,2026-07-28 16:35:25.579000+00:00,0.0,1,,103,False,False
7232bc533c21ce408d45d473,ec61755d-b5be-42ac-875d-3123e92add7a,7232bc533c21ce408d45d473__ec61755d-b5be-42ac-875d-3123e92add7a__seg_105,2026-07-28 16:35:37.736000+00:00,2026-07-28 16:35:37.736000+00:00,0.0,1,,104,False,False
7232bc533c21ce408d45d473,ec61755d-b5be-42ac-875d-3123e92add7a,7232bc533c21ce408d45d473__ec61755d-b5be-42ac-875d-3123e92add7a__seg_106,2026-07-28 16:35:51.591000+00:00,2026-07-28 16:35:51.591000+00:00,0.0,1,,105,False,False
7232bc533c21ce408d45d473,ec61755d-b5be-42ac-875d-3123e92add7a,7232bc533c21ce408d45d473__ec61755d-b5be-42ac-875d-3123e92add7a__seg_107,2026-07-28 16:36:03.904000+00:00,2026-07-28 16:36:03.904000+00:00,0.0,1,,106,False,False
7232bc533c21ce408d45d473,ec61755d-b5be-42ac-875d-3123e92add7a,7232bc533c21ce408d45d473__ec61755d-b5be-42ac-875d-3123e92add7a__seg_108,2026-07-28 16:36:17.774000+00:00,2026-07-28 16:41:04.796000+00:00,287.022,91,2.0700000000000003,107,False,False
7232bc533c21ce408d45d473,ec61755d-b5be-42ac-875d-3123e92add7a,7232bc533c21ce408d45d473__ec61755d-b5be-42ac-875d-3123e92add7a__seg_109,2026-07-28 16:41:17.089000+00:00,2026-07-28 16:41:17.089000+00:00,0.0,1,,108,False,False
7232bc533c21ce408d45d473,ec61755d-b5be-42ac-875d-3123e92add7a,7232bc533c21ce408d45d473__ec61755d-b5be-42ac-875d-3123e92add7a__seg_110,2026-07-28 16:41:29.819000+00:00,2026-07-28 16:41:29.819000+00:00,0.0,1,,109,False,False
7232bc533c21ce408d45d473,ec61755d-b5be-42ac-875d-3123e92add7a,7232bc533c21ce408d45d473__ec61755d-b5be-42ac-875d-3123e92add7a__seg_111,2026-07-28 16:41:43.158000+00:00,2026-07-28 16:41:43.158000+00:00,0.0,1,,110,False,False
7232bc533c21ce408d45d473,ec61755d-b5be-42ac-875d-3123e92add7a,7232bc533c21ce408d45d473__ec61755d-b5be-42ac-875d-3123e92add7a__seg_112,2026-07-28 16:41:56.556000+00:00,2026-07-28 16:41:56.556000+00:00,0.0,1,,111,False,False
7232bc533c21ce408d45d473,ec61755d-b5be-42ac-875d-3123e92add7a,7232bc533c21ce408d45d473__ec61755d-b5be-42ac-875d-3123e92add7a__seg_113,2026-07-28 16:42:09.456000+00:00,2026-07-28 16:42:09.456000+00:00,0.0,1,,112,False,False
7232bc533c21ce408d45d473,ec61755d-b5be-42ac-875d-3123e92add7a,7232bc533c21ce408d45d473__ec61755d-b5be-42ac-875d-3123e92add7a__seg_114,2026-07-28 16:42:21.484000+00:00,2026-07-28 16:42:21.484000+00:00,0.0,1,,113,False,False
7232bc533c21ce408d45d473,ec61755d-b5be-42ac-875d-3123e92add7a,7232bc533c21ce408d45d473__ec61755d-b5be-42ac-875d-3123e92add7a__seg_115,2026-07-28 16:42:33.399000+00:00,2026-07-28 16:42:33.399000+00:00,0.0,1,,114,False,False
7232bc533c21ce408d45d473,ec61755d-b5be-42ac-875d-3123e92add7a,7232bc533c21ce408d45d473__ec61755d-b5be-42ac-875d-3123e92add7a__seg_116,2026-07-28 16:42:45.085000+00:00,2026-07-28 16:42:45.085000+00:00,0.0,1,,115,False,False
7232bc533c21ce408d45d473,ec61755d-b5be-42ac-875d-3123e92add7a,7232bc533c21ce408d45d473__ec61755d-b5be-42ac-875d-3123e92add7a__seg_117,2026-07-28 16:42:56.968000+00:00,2026-07-28 16:42:56.968000+00:00,0.0,1,,116,False,False
7232bc533c21ce408d45d473,ec61755d-b5be-42ac-875d-3123e92add7a,7232bc533c21ce408d45d473__ec61755d-b5be-42ac-875d-3123e92add7a__seg_118,2026-07-28 16:43:08.958000+00:00,2026-07-28 16:43:08.958000+00:00,0.0,1,,117,False,False
7232bc533c21ce408d45d473,ec61755d-b5be-42ac-875d-3123e92add7a,7232bc533c21ce408d45d473__ec61755d-b5be-42ac-875d-3123e92add7a__seg_119,2026-07-28 16:43:21.084000+00:00,2026-07-28 16:43:21.084000+00:00,0.0,1,,118,False,False
7232bc533c21ce408d45d473,ec61755d-b5be-42ac-875d-3123e92add7a,7232bc533c21ce408d45d473__ec61755d-b5be-42ac-875d-3123e92add7a__seg_120,2026-07-28 16:43:33.195000+00:00,2026-07-28 16:43:33.195000+00:00,0.0,1,,119,False,False
7232bc533c21ce408d45d473,ec61755d-b5be-42ac-875d-3123e92add7a,7232bc533c21ce408d45d473__ec61755d-b5be-42ac-875d-3123e92add7a__seg_121,2026-07-28 16:43:45.254000+00:00,2026-07-28 16:43:45.254000+00:00,0.0,1,,120,False,False
7232bc533c21ce408d45d473,ec61755d-b5be-42ac-875d-3123e92add7a,7232bc533c21ce408d45d473__ec61755d-b5be-42ac-875d-3123e92add7a__seg_122,2026-07-28 16:43:57.202000+00:00,2026-07-28 16:43:57.202000+00:00,0.0,1,,121,False,False
7232bc533c21ce408d45d473,ec61755d-b5be-42ac-875d-3123e92add7a,7232bc533c21ce408d45d473__ec61755d-b5be-42ac-875d-3123e92add7a__seg_123,2026-07-28 16:44:09.759000+00:00,2026-07-28 16:44:09.759000+00:00,0.0,1,,122,False,False
7232bc533c21ce408d45d473,ec61755d-b5be-42ac-875d-3123e92add7a,7232bc533c21ce408d45d473__ec61755d-b5be-42ac-875d-3123e92add7a__seg_124,2026-07-28 16:44:23.094000+00:00,2026-07-28 16:44:23.094000+00:00,0.0,1,,123,False,False
7232bc533c21ce408d45d473,ec61755d-b5be-42ac-875d-3123e92add7a,7232bc533c21ce408d45d473__ec61755d-b5be-42ac-875d-3123e92add7a__seg_125,2026-07-28 16:44:36.572000+00:00,2026-07-28 16:44:36.572000+00:00,0.0,1,,124,False,False
7232bc533c21ce408d45d473,ec61755d-b5be-42ac-875d-3123e92add7a,7232bc533c21ce408d45d473__ec61755d-b5be-42ac-875d-3123e92add7a__seg_126,2026-07-28 16:44:50.126000+00:00,2026-07-28 16:44:50.126000+00:00,0.0,1,,125,False,False
7232bc533c21ce408d45d473,ec61755d-b5be-42ac-875d-3123e92add7a,7232bc533c21ce408d45d473__ec61755d-b5be-42ac-875d-3123e92add7a__seg_127,2026-07-28 16:45:03.897000+00:00,2026-07-28 16:45:03.897000+00:00,0.0,1,,126,False,False
7232bc533c21ce408d45d473,ec61755d-b5be-42ac-875d-3123e92add7a,7232bc533c21ce408d45d473__ec61755d-b5be-42ac-875d-3123e92add7a__seg_128,2026-07-28 16:45:18.069000+00:00,2026-07-28 16:45:18.069000+00:00,0.0,1,,127,False,False
7232bc533c21ce408d45d473,ec61755d-b5be-42ac-875d-3123e92add7a,7232bc533c21ce408d45d473__ec61755d-b5be-42ac-875d-3123e92add7a__seg_129,2026-07-28 16:45:32.641000+00:00,2026-07-28 16:45:32.641000+00:00,0.0,1,,128,False,False
7232bc533c21ce408d45d473,ec61755d-b5be-42ac-875d-3123e92add7a,7232bc533c21ce408d45d473__ec61755d-b5be-42ac-875d-3123e92add7a__seg_130,2026-07-28 16:45:46.157000+00:00,2026-07-28 16:45:46.157000+00:00,0.0,1,,129,False,False
7232bc533c21ce408d45d473,ec61755d-b5be-42ac-875d-3123e92add7a,7232bc533c21ce408d45d473__ec61755d-b5be-42ac-875d-3123e92add7a__seg_131,2026-07-28 16:45:59.091000+00:00,2026-07-28 16:52:04.147000+00:00,365.056,154,2.018,130,True,False
7232bc533c21ce408d45d473,ec61755d-b5be-42ac-875d-3123e92add7a,7232bc533c21ce408d45d473__ec61755d-b5be-42ac-875d-3123e92add7a__seg_132,2026-07-28 16:52:16.528000+00:00,2026-07-28 16:52:16.528000+00:00,0.0,1,,131,False,False
7232bc533c21ce408d45d473,ec61755d-b5be-42ac-875d-3123e92add7a,7232bc533c21ce408d45d473__ec61755d-b5be-42ac-875d-3123e92add7a__seg_133,2026-07-28 16:52:30.266000+00:00,2026-07-28 16:52:30.266000+00:00,0.0,1,,132,False,False
7232bc533c21ce408d45d473,ec61755d-b5be-42ac-875d-3123e92add7a,7232bc533c21ce408d45d473__ec61755d-b5be-42ac-875d-3123e92add7a__seg_134,2026-07-28 16:52:42.784000+00:00,2026-07-28 16:52:42.784000+00:00,0.0,1,,133,False,False
7232bc533c21ce408d45d473,ec61755d-b5be-42ac-875d-3123e92add7a,7232bc533c21ce408d45d473__ec61755d-b5be-42ac-875d-3123e92add7a__seg_135,2026-07-28 16:52:56.360000+00:00,2026-07-28 16:52:56.360000+00:00,0.0,1,,134,False,False
7232bc533c21ce408d45d473,ec61755d-b5be-42ac-875d-3123e92add7a,7232bc533c21ce408d45d473__ec61755d-b5be-42ac-875d-3123e92add7a__seg_136,2026-07-28 16:53:09.017000+00:00,2026-07-28 16:53:09.017000+00:00,0.0,1,,135,False,False
7232bc533c21ce408d45d473,ec61755d-b5be-42ac-875d-3123e92add7a,7232bc533c21ce408d45d473__ec61755d-b5be-42ac-875d-3123e92add7a__seg_137,2026-07-28 16:53:20.961000+00:00,2026-07-28 16:53:20.961000+00:00,0.0,1,,136,False,False
7232bc533c21ce408d45d473,ec61755d-b5be-42ac-875d-3123e92add7a,7232bc533c21ce408d45d473__ec61755d-b5be-42ac-875d-3123e92add7a__seg_138,2026-07-28 16:53:32.886000+00:00,2026-07-28 16:53:32.886000+00:00,0.0,1,,137,False,False
7232bc533c21ce408d45d473,ec61755d-b5be-42ac-875d-3123e92add7a,7232bc533c21ce408d45d473__ec61755d-b5be-42ac-875d-3123e92add7a__seg_139,2026-07-28 16:53:45.126000+00:00,2026-07-28 16:53:45.126000+00:00,0.0,1,,138,False,False
7232bc533c21ce408d45d473,ec61755d-b5be-42ac-875d-3123e92add7a,7232bc533c21ce408d45d473__ec61755d-b5be-42ac-875d-3123e92add7a__seg_140,2026-07-28 16:53:57.856000+00:00,2026-07-28 16:53:57.856000+00:00,0.0,1,,139,False,False
7232bc533c21ce408d45d473,ec61755d-b5be-42ac-875d-3123e92add7a,7232bc533c21ce408d45d473__ec61755d-b5be-42ac-875d-3123e92add7a__seg_141,2026-07-28 16:54:11.030000+00:00,2026-07-28 16:54:11.030000+00:00,0.0,1,,140,False,False
7232bc533c21ce408d45d473,ec61755d-b5be-42ac-875d-3123e92add7a,7232bc533c21ce408d45d473__ec61755d-b5be-42ac-875d-3123e92add7a__seg_142,2026-07-28 16:54:23.075000+00:00,2026-07-28 16:54:23.075000+00:00,0.0,1,,141,False,False
7232bc533c21ce408d45d473,ec61755d-b5be-42ac-875d-3123e92add7a,7232bc533c21ce408d45d473__ec61755d-b5be-42ac-875d-3123e92add7a__seg_143,2026-07-28 16:54:35.059000+00:00,2026-07-28 16:54:35.059000+00:00,0.0,1,,142,False,False
7232bc533c21ce408d45d473,ec61755d-b5be-42ac-875d-3123e92add7a,7232bc533c21ce408d45d473__ec61755d-b5be-42ac-875d-3123e92add7a__seg_144,2026-07-28 16:54:47.073000+00:00,2026-07-28 16:54:47.073000+00:00,0.0,1,,143,False,False
7232bc533c21ce408d45d473,ec61755d-b5be-42ac-875d-3123e92add7a,7232bc533c21ce408d45d473__ec61755d-b5be-42ac-875d-3123e92add7a__seg_145,2026-07-28 16:54:59.026000+00:00,2026-07-28 16:54:59.026000+00:00,0.0,1,,144,False,False
7232bc533c21ce408d45d473,ec61755d-b5be-42ac-875d-3123e92add7a,7232bc533c21ce408d45d473__ec61755d-b5be-42ac-875d-3123e92add7a__seg_146,2026-07-28 16:55:10.896000+00:00,2026-07-28 16:55:10.896000+00:00,0.0,1,,145,False,False
7232bc533c21ce408d45d473,ec61755d-b5be-42ac-875d-3123e92add7a,7232bc533c21ce408d45d473__ec61755d-b5be-42ac-875d-3123e92add7a__seg_147,2026-07-28 16:55:23.363000+00:00,2026-07-28 16:55:23.363000+00:00,0.0,1,,146,False,False
7232bc533c21ce408d45d473,ec61755d-b5be-42ac-875d-3123e92add7a,7232bc533c21ce408d45d473__ec61755d-b5be-42ac-875d-3123e92add7a__seg_148,2026-07-28 16:55:34.838000+00:00,2026-07-28 16:55:34.838000+00:00,0.0,1,,147,False,False
7232bc533c21ce408d45d473,ec61755d-b5be-42ac-875d-3123e92add7a,7232bc533c21ce408d45d473__ec61755d-b5be-42ac-875d-3123e92add7a__seg_149,2026-07-28 16:55:47.267000+00:00,2026-07-28 16:55:47.267000+00:00,0.0,1,,148,False,False
7232bc533c21ce408d45d473,ec61755d-b5be-42ac-875d-3123e92add7a,7232bc533c21ce408d45d473__ec61755d-b5be-42ac-875d-3123e92add7a__seg_150,2026-07-28 16:55:59.164000+00:00,2026-07-28 16:55:59.164000+00:00,0.0,1,,149,False,False
7232bc533c21ce408d45d473,ec61755d-b5be-42ac-875d-3123e92add7a,7232bc533c21ce408d45d473__ec61755d-b5be-42ac-875d-3123e92add7a__seg_151,2026-07-28 16:56:11.988000+00:00,2026-07-28 16:56:11.988000+00:00,0.0,1,,150,False,False
7232bc533c21ce408d45d473,ec61755d-b5be-42ac-875d-3123e92add7a,7232bc533c21ce408d45d473__ec61755d-b5be-42ac-875d-3123e92add7a__seg_152,2026-07-28 16:56:26.451000+00:00,2026-07-28 16:56:26.451000+00:00,0.0,1,,151,False,False
7232bc533c21ce408d45d473,ec61755d-b5be-42ac-875d-3123e92add7a,7232bc533c21ce408d45d473__ec61755d-b5be-42ac-875d-3123e92add7a__seg_153,2026-07-28 16:56:42.217000+00:00,2026-07-28 16:56:42.217000+00:00,0.0,1,,152,False,False
7232bc533c21ce408d45d473,ec61755d-b5be-42ac-875d-3123e92add7a,7232bc533c21ce408d45d473__ec61755d-b5be-42ac-875d-3123e92add7a__seg_154,2026-07-28 16:56:56.059000+00:00,2026-07-28 16:56:56.059000+00:00,0.0,1,,153,False,False
7232bc533c21ce408d45d473,ec61755d-b5be-42ac-875d-3123e92add7a,7232bc533c21ce408d45d473__ec61755d-b5be-42ac-875d-3123e92add7a__seg_155,2026-07-28 16:57:07.086000+00:00,2026-07-28 17:01:32.308000+00:00,265.222,107,2.0255,154,False,False
7232bc533c21ce408d45d473,ec61755d-b5be-42ac-875d-3123e92add7a,7232bc533c21ce408d45d473__ec61755d-b5be-42ac-875d-3123e92add7a__seg_156,2026-07-28 17:01:46.129000+00:00,2026-07-28 17:01:46.129000+00:00,0.0,1,,155,False,False
7232bc533c21ce408d45d473,ec61755d-b5be-42ac-875d-3123e92add7a,7232bc533c21ce408d45d473__ec61755d-b5be-42ac-875d-3123e92add7a__seg_157,2026-07-28 17:02:00.121000+00:00,2026-07-28 17:02:00.121000+00:00,0.0,1,,156,False,False
7232bc533c21ce408d45d473,ec61755d-b5be-42ac-875d-3123e92add7a,7232bc533c21ce408d45d473__ec61755d-b5be-42ac-875d-3123e92add7a__seg_158,2026-07-28 17:02:13.347000+00:00,2026-07-28 17:02:13.347000+00:00,0.0,1,,157,False,False
7232bc533c21ce408d45d473,ec61755d-b5be-42ac-875d-3123e92add7a,7232bc533c21ce408d45d473__ec61755d-b5be-42ac-875d-3123e92add7a__seg_159,2026-07-28 17:02:25.251000+00:00,2026-07-28 17:02:25.251000+00:00,0.0,1,,158,False,False
7232bc533c21ce408d45d473,ec61755d-b5be-42ac-875d-3123e92add7a,7232bc533c21ce408d45d473__ec61755d-b5be-42ac-875d-3123e92add7a__seg_160,2026-07-28 17:02:37.252000+00:00,2026-07-28 17:02:37.252000+00:00,0.0,1,,159,False,False
7232bc533c21ce408d45d473,ec61755d-b5be-42ac-875d-3123e92add7a,7232bc533c21ce408d45d473__ec61755d-b5be-42ac-875d-3123e92add7a__seg_161,2026-07-28 17:02:49.272000+00:00,2026-07-28 17:02:49.272000+00:00,0.0,1,,160,False,False
7232bc533c21ce408d45d473,ec61755d-b5be-42ac-875d-3123e92add7a,7232bc533c21ce408d45d473__ec61755d-b5be-42ac-875d-3123e92add7a__seg_162,2026-07-28 17:03:01.544000+00:00,2026-07-28 17:03:01.544000+00:00,0.0,1,,161,False,False
7232bc533c21ce408d45d473,ec61755d-b5be-42ac-875d-3123e92add7a,7232bc533c21ce408d45d473__ec61755d-b5be-42ac-875d-3123e92add7a__seg_163,2026-07-28 17:03:13.452000+00:00,2026-07-28 17:03:13.452000+00:00,0.0,1,,162,False,False
7232bc533c21ce408d45d473,ec61755d-b5be-42ac-875d-3123e92add7a,7232bc533c21ce408d45d473__ec61755d-b5be-42ac-875d-3123e92add7a__seg_164,2026-07-28 17:03:24.931000+00:00,2026-07-28 17:03:24.931000+00:00,0.0,1,,163,False,False
7232bc533c21ce408d45d473,ec61755d-b5be-42ac-875d-3123e92add7a,7232bc533c21ce408d45d473__ec61755d-b5be-42ac-875d-3123e92add7a__seg_165,2026-07-28 17:03:36.827000+00:00,2026-07-28 17:03:36.827000+00:00,0.0,1,,164,False,False
7232bc533c21ce408d45d473,ec61755d-b5be-42ac-875d-3123e92add7a,7232bc533c21ce408d45d473__ec61755d-b5be-42ac-875d-3123e92add7a__seg_166,2026-07-28 17:03:48.975000+00:00,2026-07-28 17:03:48.975000+00:00,0.0,1,,165,False,False
7232bc533c21ce408d45d473,ec61755d-b5be-42ac-875d-3123e92add7a,7232bc533c21ce408d45d473__ec61755d-b5be-42ac-875d-3123e92add7a__seg_167,2026-07-28 17:04:00.875000+00:00,2026-07-28 17:04:00.875000+00:00,0.0,1,,166,False,False
7232bc533c21ce408d45d473,ec61755d-b5be-42ac-875d-3123e92add7a,7232bc533c21ce408d45d473__ec61755d-b5be-42ac-875d-3123e92add7a__seg_168,2026-07-28 17:04:13.600000+00:00,2026-07-28 17:04:13.600000+00:00,0.0,1,,167,False,False
7232bc533c21ce408d45d473,ec61755d-b5be-42ac-875d-3123e92add7a,7232bc533c21ce408d45d473__ec61755d-b5be-42ac-875d-3123e92add7a__seg_169,2026-07-28 17:04:24.941000+00:00,2026-07-28 17:04:24.941000+00:00,0.0,1,,168,False,False
7232bc533c21ce408d45d473,ec61755d-b5be-42ac-875d-3123e92add7a,7232bc533c21ce408d45d473__ec61755d-b5be-42ac-875d-3123e92add7a__seg_170,2026-07-28 17:04:37.342000+00:00,2026-07-28 17:04:37.342000+00:00,0.0,1,,169,False,False
7232bc533c21ce408d45d473,ec61755d-b5be-42ac-875d-3123e92add7a,7232bc533c21ce408d45d473__ec61755d-b5be-42ac-875d-3123e92add7a__seg_171,2026-07-28 17:04:49.009000+00:00,2026-07-28 17:04:49.009000+00:00,0.0,1,,170,False,False
7232bc533c21ce408d45d473,ec61755d-b5be-42ac-875d-3123e92add7a,7232bc533c21ce408d45d473__ec61755d-b5be-42ac-875d-3123e92add7a__seg_172,2026-07-28 17:05:01.028000+00:00,2026-07-28 17:05:01.028000+00:00,0.0,1,,171,False,False
7232bc533c21ce408d45d473,ec61755d-b5be-42ac-875d-3123e92add7a,7232bc533c21ce408d45d473__ec61755d-b5be-42ac-875d-3123e92add7a__seg_173,2026-07-28 17:05:12.914000+00:00,2026-07-28 17:05:12.914000+00:00,0.0,1,,172,False,False
7232bc533c21ce408d45d473,ec61755d-b5be-42ac-875d-3123e92add7a,7232bc533c21ce408d45d473__ec61755d-b5be-42ac-875d-3123e92add7a__seg_174,2026-07-28 17:05:25.439000+00:00,2026-07-28 17:05:25.439000+00:00,0.0,1,,173,False,False
7232bc533c21ce408d45d473,ec61755d-b5be-42ac-875d-3123e92add7a,7232bc533c21ce408d45d473__ec61755d-b5be-42ac-875d-3123e92add7a__seg_175,2026-07-28 17:05:37.374000+00:00,2026-07-28 17:05:37.374000+00:00,0.0,1,,174,False,False
7232bc533c21ce408d45d473,ec61755d-b5be-42ac-875d-3123e92add7a,7232bc533c21ce408d45d473__ec61755d-b5be-42ac-875d-3123e92add7a__seg_176,2026-07-28 17:05:51.565000+00:00,2026-07-28 17:05:51.565000+00:00,0.0,1,,175,False,False
7232bc533c21ce408d45d473,ec61755d-b5be-42ac-875d-3123e92add7a,7232bc533c21ce408d45d473__ec61755d-b5be-42ac-875d-3123e92add7a__seg_177,2026-07-28 17:06:05.085000+00:00,2026-07-28 17:06:05.085000+00:00,0.0,1,,176,False,False
7232bc533c21ce408d45d473,ec61755d-b5be-42ac-875d-3123e92add7a,7232bc533c21ce408d45d473__ec61755d-b5be-42ac-875d-3123e92add7a__seg_178,2026-07-28 17:06:18.962000+00:00,2026-07-28 17:31:18.863000+00:00,1499.901,641,2.014,177,True,True
7232bc533c21ce408d45d473,ec61755d-b5be-42ac-875d-3123e92add7a,7232bc533c21ce408d45d473__ec61755d-b5be-42ac-875d-3123e92add7a__seg_179,2026-07-28 17:31:31.181000+00:00,2026-07-28 17:31:31.181000+00:00,0.0,1,,178,False,False
7232bc533c21ce408d45d473,ec61755d-b5be-42ac-875d-3123e92add7a,7232bc533c21ce408d45d473__ec61755d-b5be-42ac-875d-3123e92add7a__seg_180,2026-07-28 17:31:43.122000+00:00,2026-07-28 17:31:43.122000+00:00,0.0,1,,179,False,False
7232bc533c21ce408d45d473,ec61755d-b5be-42ac-875d-3123e92add7a,7232bc533c21ce408d45d473__ec61755d-b5be-42ac-875d-3123e92add7a__seg_181,2026-07-28 17:31:57.633000+00:00,2026-07-28 17:31:57.633000+00:00,0.0,1,,180,False,False
7232bc533c21ce408d45d473,ec61755d-b5be-42ac-875d-3123e92add7a,7232bc533c21ce408d45d473__ec61755d-b5be-42ac-875d-3123e92add7a__seg_182,2026-07-28 17:32:09.847000+00:00,2026-07-28 17:32:09.847000+00:00,0.0,1,,181,False,False
7232bc533c21ce408d45d473,ec61755d-b5be-42ac-875d-3123e92add7a,7232bc533c21ce408d45d473__ec61755d-b5be-42ac-875d-3123e92add7a__seg_183,2026-07-28 17:32:23.860000+00:00,2026-07-28 17:32:23.860000+00:00,0.0,1,,182,False,False
7232bc533c21ce408d45d473,ec61755d-b5be-42ac-875d-3123e92add7a,7232bc533c21ce408d45d473__ec61755d-b5be-42ac-875d-3123e92add7a__seg_184,2026-07-28 17:32:37.031000+00:00,2026-07-28 17:32:37.031000+00:00,0.0,1,,183,False,False
7232bc533c21ce408d45d473,ec61755d-b5be-42ac-875d-3123e92add7a,7232bc533c21ce408d45d473__ec61755d-b5be-42ac-875d-3123e92add7a__seg_185,2026-07-28 17:32:49.517000+00:00,2026-07-28 17:32:49.517000+00:00,0.0,1,,184,False,False
7232bc533c21ce408d45d473,ec61755d-b5be-42ac-875d-3123e92add7a,7232bc533c21ce408d45d473__ec61755d-b5be-42ac-875d-3123e92add7a__seg_186,2026-07-28 17:33:02.315000+00:00,2026-07-28 17:33:02.315000+00:00,0.0,1,,185,False,False
7232bc533c21ce408d45d473,ec61755d-b5be-42ac-875d-3123e92add7a,7232bc533c21ce408d45d473__ec61755d-b5be-42ac-875d-3123e92add7a__seg_187,2026-07-28 17:33:15.288000+00:00,2026-07-28 17:33:15.288000+00:00,0.0,1,,186,False,False
7232bc533c21ce408d45d473,ec61755d-b5be-42ac-875d-3123e92add7a,7232bc533c21ce408d45d473__ec61755d-b5be-42ac-875d-3123e92add7a__seg_188,2026-07-28 17:33:27.390000+00:00,2026-07-28 17:33:27.390000+00:00,0.0,1,,187,False,False
7232bc533c21ce408d45d473,ec61755d-b5be-42ac-875d-3123e92add7a,7232bc533c21ce408d45d473__ec61755d-b5be-42ac-875d-3123e92add7a__seg_189,2026-07-28 17:33:39.231000+00:00,2026-07-28 17:33:39.231000+00:00,0.0,1,,188,False,False
7232bc533c21ce408d45d473,ec61755d-b5be-42ac-875d-3123e92add7a,7232bc533c21ce408d45d473__ec61755d-b5be-42ac-875d-3123e92add7a__seg_190,2026-07-28 17:33:51.466000+00:00,2026-07-28 17:33:51.466000+00:00,0.0,1,,189,False,False
7232bc533c21ce408d45d473,ec61755d-b5be-42ac-875d-3123e92add7a,7232bc533c21ce408d45d473__ec61755d-b5be-42ac-875d-3123e92add7a__seg_191,2026-07-28 17:34:04.056000+00:00,2026-07-28 17:34:04.056000+00:00,0.0,1,,190,False,False
7232bc533c21ce408d45d473,ec61755d-b5be-42ac-875d-3123e92add7a,7232bc533c21ce408d45d473__ec61755d-b5be-42ac-875d-3123e92add7a__seg_192,2026-07-28 17:34:16.682000+00:00,2026-07-28 17:34:16.682000+00:00,0.0,1,,191,False,False
7232bc533c21ce408d45d473,ec61755d-b5be-42ac-875d-3123e92add7a,7232bc533c21ce408d45d473__ec61755d-b5be-42ac-875d-3123e92add7a__seg_193,2026-07-28 17:34:28.897000+00:00,2026-07-28 17:34:28.897000+00:00,0.0,1,,192,False,False
7232bc533c21ce408d45d473,ec61755d-b5be-42ac-875d-3123e92add7a,7232bc533c21ce408d45d473__ec61755d-b5be-42ac-875d-3123e92add7a__seg_194,2026-07-28 17:34:41.045000+00:00,2026-07-28 17:34:41.045000+00:00,0.0,1,,193,False,False
7232bc533c21ce408d45d473,ec61755d-b5be-42ac-875d-3123e92add7a,7232bc533c21ce408d45d473__ec61755d-b5be-42ac-875d-3123e92add7a__seg_195,2026-07-28 17:34:53.282000+00:00,2026-07-28 17:34:53.282000+00:00,0.0,1,,194,False,False
7232bc533c21ce408d45d473,ec61755d-b5be-42ac-875d-3123e92add7a,7232bc533c21ce408d45d473__ec61755d-b5be-42ac-875d-3123e92add7a__seg_196,2026-07-28 17:35:05.180000+00:00,2026-07-28 17:35:05.180000+00:00,0.0,1,,195,False,False
7232bc533c21ce408d45d473,ec61755d-b5be-42ac-875d-3123e92add7a,7232bc533c21ce408d45d473__ec61755d-b5be-42ac-875d-3123e92add7a__seg_197,2026-07-28 17:35:18.329000+00:00,2026-07-28 17:35:18.329000+00:00,0.0,1,,196,False,False
7232bc533c21ce408d45d473,ec61755d-b5be-42ac-875d-3123e92add7a,7232bc533c21ce408d45d473__ec61755d-b5be-42ac-875d-3123e92add7a__seg_198,2026-07-28 17:35:34.397000+00:00,2026-07-28 17:35:34.397000+00:00,0.0,1,,197,False,False
7232bc533c21ce408d45d473,ec61755d-b5be-42ac-875d-3123e92add7a,7232bc533c21ce408d45d473__ec61755d-b5be-42ac-875d-3123e92add7a__seg_199,2026-07-28 17:35:48.697000+00:00,2026-07-28 17:35:48.697000+00:00,0.0,1,,198,False,False
7232bc533c21ce408d45d473,ec61755d-b5be-42ac-875d-3123e92add7a,7232bc533c21ce408d45d473__ec61755d-b5be-42ac-875d-3123e92add7a__seg_200,2026-07-28 17:36:02.041000+00:00,2026-07-28 17:36:02.041000+00:00,0.0,1,,199,False,False
7232bc533c21ce408d45d473,ec61755d-b5be-42ac-875d-3123e92add7a,7232bc533c21ce408d45d473__ec61755d-b5be-42ac-875d-3123e92add7a__seg_201,2026-07-28 17:36:14.296000+00:00,2026-07-28 17:49:18.280000+00:00,783.984,339,2.0125,200,True,True
7232bc533c21ce408d45d473,fac82c2e-545a-402a-80f8-3d1fccb72c68,7232bc533c21ce408d45d473__fac82c2e-545a-402a-80f8-3d1fccb72c68__seg_001,2026-07-29 07:33:46.980000+00:00,2026-07-29 07:34:54.787000+00:00,67.807,28,2.01,0,False,False
7232bc533c21ce408d45d473,fac82c2e-545a-402a-80f8-3d1fccb72c68,7232bc533c21ce408d45d473__fac82c2e-545a-402a-80f8-3d1fccb72c68__seg_002,2026-07-29 07:35:10.013000+00:00,2026-07-29 07:36:17.292000+00:00,67.279,22,2.181,1,False,False
7232bc533c21ce408d45d473,fac82c2e-545a-402a-80f8-3d1fccb72c68,7232bc533c21ce408d45d473__fac82c2e-545a-402a-80f8-3d1fccb72c68__seg_003,2026-07-29 07:36:34.402000+00:00,2026-07-29 07:36:34.402000+00:00,0.0,1,,2,False,False
7232bc533c21ce408d45d473,fac82c2e-545a-402a-80f8-3d1fccb72c68,7232bc533c21ce408d45d473__fac82c2e-545a-402a-80f8-3d1fccb72c68__seg_004,2026-07-29 07:36:52.547000+00:00,2026-07-29 07:36:52.547000+00:00,0.0,1,,3,False,False
7232bc533c21ce408d45d473,fac82c2e-545a-402a-80f8-3d1fccb72c68,7232bc533c21ce408d45d473__fac82c2e-545a-402a-80f8-3d1fccb72c68__seg_005,2026-07-29 07:37:07.176000+00:00,2026-07-29 07:37:07.176000+00:00,0.0,1,,4,False,False
7232bc533c21ce408d45d473,fac82c2e-545a-402a-80f8-3d1fccb72c68,7232bc533c21ce408d45d473__fac82c2e-545a-402a-80f8-3d1fccb72c68__seg_006,2026-07-29 07:37:21.151000+00:00,2026-07-29 07:37:21.151000+00:00,0.0,1,,5,False,False
7232bc533c21ce408d45d473,fac82c2e-545a-402a-80f8-3d1fccb72c68,7232bc533c21ce408d45d473__fac82c2e-545a-402a-80f8-3d1fccb72c68__seg_007,2026-07-29 07:37:37.004000+00:00,2026-07-29 07:37:37.004000+00:00,0.0,1,,6,False,False
7232bc533c21ce408d45d473,fac82c2e-545a-402a-80f8-3d1fccb72c68,7232bc533c21ce408d45d473__fac82c2e-545a-402a-80f8-3d1fccb72c68__seg_008,2026-07-29 07:37:50.946000+00:00,2026-07-29 07:37:50.946000+00:00,0.0,1,,7,False,False
7232bc533c21ce408d45d473,fac82c2e-545a-402a-80f8-3d1fccb72c68,7232bc533c21ce408d45d473__fac82c2e-545a-402a-80f8-3d1fccb72c68__seg_009,2026-07-29 07:38:03.904000+00:00,2026-07-29 07:38:03.904000+00:00,0.0,1,,8,False,False
7232bc533c21ce408d45d473,fac82c2e-545a-402a-80f8-3d1fccb72c68,7232bc533c21ce408d45d473__fac82c2e-545a-402a-80f8-3d1fccb72c68__seg_010,2026-07-29 07:38:14.890000+00:00,2026-07-29 07:38:14.890000+00:00,0.0,1,,9,False,False
7232bc533c21ce408d45d473,fac82c2e-545a-402a-80f8-3d1fccb72c68,7232bc533c21ce408d45d473__fac82c2e-545a-402a-80f8-3d1fccb72c68__seg_011,2026-07-29 07:38:27.645000+00:00,2026-07-29 07:39:38.441000+00:00,70.796,12,6.29,10,False,False
7232bc533c21ce408d45d473,fac82c2e-545a-402a-80f8-3d1fccb72c68,7232bc533c21ce408d45d473__fac82c2e-545a-402a-80f8-3d1fccb72c68__seg_012,2026-07-29 07:39:50.103000+00:00,2026-07-29 07:50:33.025000+00:00,642.922,233,2.029,11,True,False
7232bc533c21ce408d45d473,fac82c2e-545a-402a-80f8-3d1fccb72c68,7232bc533c21ce408d45d473__fac82c2e-545a-402a-80f8-3d1fccb72c68__seg_013,2026-07-29 07:50:44.330000+00:00,2026-07-29 07:50:44.330000+00:00,0.0,1,,12,False,False
7232bc533c21ce408d45d473,fac82c2e-545a-402a-80f8-3d1fccb72c68,7232bc533c21ce408d45d473__fac82c2e-545a-402a-80f8-3d1fccb72c68__seg_014,2026-07-29 07:50:55.659000+00:00,2026-07-29 07:51:41.268000+00:00,45.609,11,2.6985,13,False,False
7232bc533c21ce408d45d473,fac82c2e-545a-402a-80f8-3d1fccb72c68,7232bc533c21ce408d45d473__fac82c2e-545a-402a-80f8-3d1fccb72c68__seg_015,2026-07-29 07:51:53.289000+00:00,2026-07-29 07:57:34.461000+00:00,341.172,118,2.162,14,True,False
7232bc533c21ce408d45d473,fac82c2e-545a-402a-80f8-3d1fccb72c68,7232bc533c21ce408d45d473__fac82c2e-545a-402a-80f8-3d1fccb72c68__seg_016,2026-07-29 07:57:47.475000+00:00,2026-07-29 07:57:47.475000+00:00,0.0,1,,15,False,False
7232bc533c21ce408d45d473,fac82c2e-545a-402a-80f8-3d1fccb72c68,7232bc533c21ce408d45d473__fac82c2e-545a-402a-80f8-3d1fccb72c68__seg_017,2026-07-29 07:57:58.213000+00:00,2026-07-29 07:57:58.213000+00:00,0.0,1,,16,False,False
7232bc533c21ce408d45d473,fac82c2e-545a-402a-80f8-3d1fccb72c68,7232bc533c21ce408d45d473__fac82c2e-545a-402a-80f8-3d1fccb72c68__seg_018,2026-07-29 07:58:08.719000+00:00,2026-07-29 08:12:02.730000+00:00,834.011,285,2.0709999999999997,17,True,True
7232bc533c21ce408d45d473,fac82c2e-545a-402a-80f8-3d1fccb72c68,7232bc533c21ce408d45d473__fac82c2e-545a-402a-80f8-3d1fccb72c68__seg_019,2026-07-29 08:12:14.111000+00:00,2026-07-29 08:18:08.894000+00:00,354.783,136,2.072,18,True,False
7232bc533c21ce408d45d473,fac82c2e-545a-402a-80f8-3d1fccb72c68,7232bc533c21ce408d45d473__fac82c2e-545a-402a-80f8-3d1fccb72c68__seg_020,2026-07-29 08:18:20.432000+00:00,2026-07-29 08:18:55.724000+00:00,35.292,8,3.117,19,False,False
7232bc533c21ce408d45d473,fac82c2e-545a-402a-80f8-3d1fccb72c68,7232bc533c21ce408d45d473__fac82c2e-545a-402a-80f8-3d1fccb72c68__seg_021,2026-07-29 08:19:06.090000+00:00,2026-07-29 08:20:03.108000+00:00,57.018,13,3.449,20,False,False
7232bc533c21ce408d45d473,fac82c2e-545a-402a-80f8-3d1fccb72c68,7232bc533c21ce408d45d473__fac82c2e-545a-402a-80f8-3d1fccb72c68__seg_022,2026-07-29 08:20:14.241000+00:00,2026-07-29 08:21:32.228000+00:00,77.987,17,3.2045,21,False,False
7232bc533c21ce408d45d473,fac82c2e-545a-402a-80f8-3d1fccb72c68,7232bc533c21ce408d45d473__fac82c2e-545a-402a-80f8-3d1fccb72c68__seg_023,2026-07-29 08:21:42.442000+00:00,2026-07-29 08:29:26.707000+00:00,464.265,180,2.007,22,True,False
7232bc533c21ce408d45d473,fac82c2e-545a-402a-80f8-3d1fccb72c68,7232bc533c21ce408d45d473__fac82c2e-545a-402a-80f8-3d1fccb72c68__seg_024,2026-07-29 08:29:41.802000+00:00,2026-07-29 08:29:41.802000+00:00,0.0,1,,23,False,False
7232bc533c21ce408d45d473,fac82c2e-545a-402a-80f8-3d1fccb72c68,7232bc533c21ce408d45d473__fac82c2e-545a-402a-80f8-3d1fccb72c68__seg_025,2026-07-29 08:29:53.907000+00:00,2026-07-29 08:29:53.907000+00:00,0.0,1,,24,False,False
7232bc533c21ce408d45d473,fac82c2e-545a-402a-80f8-3d1fccb72c68,7232bc533c21ce408d45d473__fac82c2e-545a-402a-80f8-3d1fccb72c68__seg_026,2026-07-29 08:30:05.620000+00:00,2026-07-29 08:30:05.620000+00:00,0.0,1,,25,False,False
7232bc533c21ce408d45d473,fac82c2e-545a-402a-80f8-3d1fccb72c68,7232bc533c21ce408d45d473__fac82c2e-545a-402a-80f8-3d1fccb72c68__seg_027,2026-07-29 08:30:18.158000+00:00,2026-07-29 08:30:18.158000+00:00,0.0,1,,26,False,False
7232bc533c21ce408d45d473,fac82c2e-545a-402a-80f8-3d1fccb72c68,7232bc533c21ce408d45d473__fac82c2e-545a-402a-80f8-3d1fccb72c68__seg_028,2026-07-29 08:30:32.207000+00:00,2026-07-29 08:30:32.207000+00:00,0.0,1,,27,False,False
7232bc533c21ce408d45d473,fac82c2e-545a-402a-80f8-3d1fccb72c68,7232bc533c21ce408d45d473__fac82c2e-545a-402a-80f8-3d1fccb72c68__seg_029,2026-07-29 08:30:45.968000+00:00,2026-07-29 08:30:45.968000+00:00,0.0,1,,28,False,False
7232bc533c21ce408d45d473,fac82c2e-545a-402a-80f8-3d1fccb72c68,7232bc533c21ce408d45d473__fac82c2e-545a-402a-80f8-3d1fccb72c68__seg_030,2026-07-29 08:30:57.461000+00:00,2026-07-29 08:30:57.461000+00:00,0.0,1,,29,False,False
7232bc533c21ce408d45d473,fac82c2e-545a-402a-80f8-3d1fccb72c68,7232bc533c21ce408d45d473__fac82c2e-545a-402a-80f8-3d1fccb72c68__seg_031,2026-07-29 08:31:08.982000+00:00,2026-07-29 08:31:08.982000+00:00,0.0,1,,30,False,False
7232bc533c21ce408d45d473,fac82c2e-545a-402a-80f8-3d1fccb72c68,7232bc533c21ce408d45d473__fac82c2e-545a-402a-80f8-3d1fccb72c68__seg_032,2026-07-29 08:31:21.318000+00:00,2026-07-29 08:31:21.318000+00:00,0.0,1,,31,False,False
7232bc533c21ce408d45d473,fac82c2e-545a-402a-80f8-3d1fccb72c68,7232bc533c21ce408d45d473__fac82c2e-545a-402a-80f8-3d1fccb72c68__seg_033,2026-07-29 08:31:33.306000+00:00,2026-07-29 08:31:33.306000+00:00,0.0,1,,32,False,False
7232bc533c21ce408d45d473,fac82c2e-545a-402a-80f8-3d1fccb72c68,7232bc533c21ce408d45d473__fac82c2e-545a-402a-80f8-3d1fccb72c68__seg_034,2026-07-29 08:31:45.133000+00:00,2026-07-29 08:31:45.133000+00:00,0.0,1,,33,False,False
7232bc533c21ce408d45d473,fac82c2e-545a-402a-80f8-3d1fccb72c68,7232bc533c21ce408d45d473__fac82c2e-545a-402a-80f8-3d1fccb72c68__seg_035,2026-07-29 08:31:56.919000+00:00,2026-07-29 08:31:56.919000+00:00,0.0,1,,34,False,False
7232bc533c21ce408d45d473,fac82c2e-545a-402a-80f8-3d1fccb72c68,7232bc533c21ce408d45d473__fac82c2e-545a-402a-80f8-3d1fccb72c68__seg_036,2026-07-29 08:32:10.225000+00:00,2026-07-29 08:32:10.225000+00:00,0.0,1,,35,False,False
7232bc533c21ce408d45d473,fac82c2e-545a-402a-80f8-3d1fccb72c68,7232bc533c21ce408d45d473__fac82c2e-545a-402a-80f8-3d1fccb72c68__seg_037,2026-07-29 08:32:23.274000+00:00,2026-07-29 08:32:23.274000+00:00,0.0,1,,36,False,False
7232bc533c21ce408d45d473,fac82c2e-545a-402a-80f8-3d1fccb72c68,7232bc533c21ce408d45d473__fac82c2e-545a-402a-80f8-3d1fccb72c68__seg_038,2026-07-29 08:32:35.114000+00:00,2026-07-29 08:32:35.114000+00:00,0.0,1,,37,False,False
7232bc533c21ce408d45d473,fac82c2e-545a-402a-80f8-3d1fccb72c68,7232bc533c21ce408d45d473__fac82c2e-545a-402a-80f8-3d1fccb72c68__seg_039,2026-07-29 08:32:47.039000+00:00,2026-07-29 08:32:47.039000+00:00,0.0,1,,38,False,False
7232bc533c21ce408d45d473,fac82c2e-545a-402a-80f8-3d1fccb72c68,7232bc533c21ce408d45d473__fac82c2e-545a-402a-80f8-3d1fccb72c68__seg_040,2026-07-29 08:32:59.126000+00:00,2026-07-29 08:32:59.126000+00:00,0.0,1,,39,False,False
7232bc533c21ce408d45d473,fac82c2e-545a-402a-80f8-3d1fccb72c68,7232bc533c21ce408d45d473__fac82c2e-545a-402a-80f8-3d1fccb72c68__seg_041,2026-07-29 08:33:11.235000+00:00,2026-07-29 08:33:11.235000+00:00,0.0,1,,40,False,False
7232bc533c21ce408d45d473,fac82c2e-545a-402a-80f8-3d1fccb72c68,7232bc533c21ce408d45d473__fac82c2e-545a-402a-80f8-3d1fccb72c68__seg_042,2026-07-29 08:33:23.520000+00:00,2026-07-29 08:33:23.520000+00:00,0.0,1,,41,False,False
7232bc533c21ce408d45d473,fac82c2e-545a-402a-80f8-3d1fccb72c68,7232bc533c21ce408d45d473__fac82c2e-545a-402a-80f8-3d1fccb72c68__seg_043,2026-07-29 08:33:35.006000+00:00,2026-07-29 08:33:35.006000+00:00,0.0,1,,42,False,False
7232bc533c21ce408d45d473,fac82c2e-545a-402a-80f8-3d1fccb72c68,7232bc533c21ce408d45d473__fac82c2e-545a-402a-80f8-3d1fccb72c68__seg_044,2026-07-29 08:33:47.105000+00:00,2026-07-29 08:33:47.105000+00:00,0.0,1,,43,False,False
7232bc533c21ce408d45d473,fac82c2e-545a-402a-80f8-3d1fccb72c68,7232bc533c21ce408d45d473__fac82c2e-545a-402a-80f8-3d1fccb72c68__seg_045,2026-07-29 08:33:59.503000+00:00,2026-07-29 08:33:59.503000+00:00,0.0,1,,44,False,False
7232bc533c21ce408d45d473,fac82c2e-545a-402a-80f8-3d1fccb72c68,7232bc533c21ce408d45d473__fac82c2e-545a-402a-80f8-3d1fccb72c68__seg_046,2026-07-29 08:34:12.350000+00:00,2026-07-29 08:34:12.350000+00:00,0.0,1,,45,False,False
7232bc533c21ce408d45d473,fac82c2e-545a-402a-80f8-3d1fccb72c68,7232bc533c21ce408d45d473__fac82c2e-545a-402a-80f8-3d1fccb72c68__seg_047,2026-07-29 08:34:23.025000+00:00,2026-07-29 09:29:38.931000+00:00,3315.906,1313,2.027,46,True,True
7232bc533c21ce408d45d473,fac82c2e-545a-402a-80f8-3d1fccb72c68,7232bc533c21ce408d45d473__fac82c2e-545a-402a-80f8-3d1fccb72c68__seg_048,2026-07-29 09:29:51.138000+00:00,2026-07-29 09:29:51.138000+00:00,0.0,1,,47,False,False
7232bc533c21ce408d45d473,fac82c2e-545a-402a-80f8-3d1fccb72c68,7232bc533c21ce408d45d473__fac82c2e-545a-402a-80f8-3d1fccb72c68__seg_049,2026-07-29 09:30:03.594000+00:00,2026-07-29 09:30:03.594000+00:00,0.0,1,,48,False,False
7232bc533c21ce408d45d473,fac82c2e-545a-402a-80f8-3d1fccb72c68,7232bc533c21ce408d45d473__fac82c2e-545a-402a-80f8-3d1fccb72c68__seg_050,2026-07-29 09:30:15.431000+00:00,2026-07-29 09:30:15.431000+00:00,0.0,1,,49,False,False
7232bc533c21ce408d45d473,fac82c2e-545a-402a-80f8-3d1fccb72c68,7232bc533c21ce408d45d473__fac82c2e-545a-402a-80f8-3d1fccb72c68__seg_051,2026-07-29 09:30:27.578000+00:00,2026-07-29 09:30:27.578000+00:00,0.0,1,,50,False,False
7232bc533c21ce408d45d473,fac82c2e-545a-402a-80f8-3d1fccb72c68,7232bc533c21ce408d45d473__fac82c2e-545a-402a-80f8-3d1fccb72c68__seg_052,2026-07-29 09:30:39.584000+00:00,2026-07-29 09:30:39.584000+00:00,0.0,1,,51,False,False
7232bc533c21ce408d45d473,fac82c2e-545a-402a-80f8-3d1fccb72c68,7232bc533c21ce408d45d473__fac82c2e-545a-402a-80f8-3d1fccb72c68__seg_053,2026-07-29 09:30:51.620000+00:00,2026-07-29 09:30:51.620000+00:00,0.0,1,,52,False,False
7232bc533c21ce408d45d473,fac82c2e-545a-402a-80f8-3d1fccb72c68,7232bc533c21ce408d45d473__fac82c2e-545a-402a-80f8-3d1fccb72c68__seg_054,2026-07-29 09:31:03.710000+00:00,2026-07-29 09:31:03.710000+00:00,0.0,1,,53,False,False
7232bc533c21ce408d45d473,fac82c2e-545a-402a-80f8-3d1fccb72c68,7232bc533c21ce408d45d473__fac82c2e-545a-402a-80f8-3d1fccb72c68__seg_055,2026-07-29 09:31:15.296000+00:00,2026-07-29 09:31:15.296000+00:00,0.0,1,,54,False,False
7232bc533c21ce408d45d473,fac82c2e-545a-402a-80f8-3d1fccb72c68,7232bc533c21ce408d45d473__fac82c2e-545a-402a-80f8-3d1fccb72c68__seg_056,2026-07-29 09:31:27.493000+00:00,2026-07-29 09:31:27.493000+00:00,0.0,1,,55,False,False
7232bc533c21ce408d45d473,fac82c2e-545a-402a-80f8-3d1fccb72c68,7232bc533c21ce408d45d473__fac82c2e-545a-402a-80f8-3d1fccb72c68__seg_057,2026-07-29 09:31:39.735000+00:00,2026-07-29 09:31:39.735000+00:00,0.0,1,,56,False,False
7232bc533c21ce408d45d473,fac82c2e-545a-402a-80f8-3d1fccb72c68,7232bc533c21ce408d45d473__fac82c2e-545a-402a-80f8-3d1fccb72c68__seg_058,2026-07-29 09:31:51.715000+00:00,2026-07-29 09:31:51.715000+00:00,0.0,1,,57,False,False
7232bc533c21ce408d45d473,fac82c2e-545a-402a-80f8-3d1fccb72c68,7232bc533c21ce408d45d473__fac82c2e-545a-402a-80f8-3d1fccb72c68__seg_059,2026-07-29 09:32:03.611000+00:00,2026-07-29 09:32:03.611000+00:00,0.0,1,,58,False,False
7232bc533c21ce408d45d473,fac82c2e-545a-402a-80f8-3d1fccb72c68,7232bc533c21ce408d45d473__fac82c2e-545a-402a-80f8-3d1fccb72c68__seg_060,2026-07-29 09:32:16.668000+00:00,2026-07-29 09:32:16.668000+00:00,0.0,1,,59,False,False
7232bc533c21ce408d45d473,fac82c2e-545a-402a-80f8-3d1fccb72c68,7232bc533c21ce408d45d473__fac82c2e-545a-402a-80f8-3d1fccb72c68__seg_061,2026-07-29 09:32:29.499000+00:00,2026-07-29 09:32:29.499000+00:00,0.0,1,,60,False,False
7232bc533c21ce408d45d473,fac82c2e-545a-402a-80f8-3d1fccb72c68,7232bc533c21ce408d45d473__fac82c2e-545a-402a-80f8-3d1fccb72c68__seg_062,2026-07-29 09:32:41.297000+00:00,2026-07-29 09:32:41.297000+00:00,0.0,1,,61,False,False
7232bc533c21ce408d45d473,fac82c2e-545a-402a-80f8-3d1fccb72c68,7232bc533c21ce408d45d473__fac82c2e-545a-402a-80f8-3d1fccb72c68__seg_063,2026-07-29 09:32:53.171000+00:00,2026-07-29 09:32:53.171000+00:00,0.0,1,,62,False,False
7232bc533c21ce408d45d473,fac82c2e-545a-402a-80f8-3d1fccb72c68,7232bc533c21ce408d45d473__fac82c2e-545a-402a-80f8-3d1fccb72c68__seg_064,2026-07-29 09:33:06.378000+00:00,2026-07-29 09:33:06.378000+00:00,0.0,1,,63,False,False
7232bc533c21ce408d45d473,fac82c2e-545a-402a-80f8-3d1fccb72c68,7232bc533c21ce408d45d473__fac82c2e-545a-402a-80f8-3d1fccb72c68__seg_065,2026-07-29 09:33:19.377000+00:00,2026-07-29 09:33:19.377000+00:00,0.0,1,,64,False,False
7232bc533c21ce408d45d473,fac82c2e-545a-402a-80f8-3d1fccb72c68,7232bc533c21ce408d45d473__fac82c2e-545a-402a-80f8-3d1fccb72c68__seg_066,2026-07-29 09:33:31.331000+00:00,2026-07-29 09:33:31.331000+00:00,0.0,1,,65,False,False
7232bc533c21ce408d45d473,fac82c2e-545a-402a-80f8-3d1fccb72c68,7232bc533c21ce408d45d473__fac82c2e-545a-402a-80f8-3d1fccb72c68__seg_067,2026-07-29 09:33:43.585000+00:00,2026-07-29 09:33:43.585000+00:00,0.0,1,,66,False,False
7232bc533c21ce408d45d473,fac82c2e-545a-402a-80f8-3d1fccb72c68,7232bc533c21ce408d45d473__fac82c2e-545a-402a-80f8-3d1fccb72c68__seg_068,2026-07-29 09:33:56.535000+00:00,2026-07-29 09:33:56.535000+00:00,0.0,1,,67,False,False
7232bc533c21ce408d45d473,fac82c2e-545a-402a-80f8-3d1fccb72c68,7232bc533c21ce408d45d473__fac82c2e-545a-402a-80f8-3d1fccb72c68__seg_069,2026-07-29 09:34:07.862000+00:00,2026-07-29 09:40:12.605000+00:00,364.743,147,2.0380000000000003,68,True,False
a0f8c86097e55fbfa506d057,2e9f4457-2a7f-4647-87ed-b86ac6343d33,a0f8c86097e55fbfa506d057__2e9f4457-2a7f-4647-87ed-b86ac6343d33__seg_001,2026-07-27 12:17:19.031000+00:00,2026-07-27 12:34:19.250000+00:00,1020.219,257,4.0045,0,True,True
a0f8c86097e55fbfa506d057,2e9f4457-2a7f-4647-87ed-b86ac6343d33,a0f8c86097e55fbfa506d057__2e9f4457-2a7f-4647-87ed-b86ac6343d33__seg_002,2026-07-27 12:46:40.239000+00:00,2026-07-27 12:51:32.748000+00:00,292.509,120,2.088,1,False,False
a0f8c86097e55fbfa506d057,373070d1-ba59-4244-88ab-2d44a21f4983,a0f8c86097e55fbfa506d057__373070d1-ba59-4244-88ab-2d44a21f4983__seg_001,2026-07-27 22:57:32.661000+00:00,2026-07-27 23:11:15.544000+00:00,822.883,411,1.998,0,True,True
a0f8c86097e55fbfa506d057,373070d1-ba59-4244-88ab-2d44a21f4983,a0f8c86097e55fbfa506d057__373070d1-ba59-4244-88ab-2d44a21f4983__seg_002,2026-07-27 23:11:31.309000+00:00,2026-07-27 23:11:51.173000+00:00,19.864,11,1.9860000000000002,1,False,False
a0f8c86097e55fbfa506d057,70577f8e-1430-4489-8602-2096521ab84e,a0f8c86097e55fbfa506d057__70577f8e-1430-4489-8602-2096521ab84e__seg_001,2026-07-28 17:22:42.771000+00:00,2026-07-28 19:45:21.360000+00:00,8558.589,3749,2.007,0,True,True
a0f8c86097e55fbfa506d057,70577f8e-1430-4489-8602-2096521ab84e,a0f8c86097e55fbfa506d057__70577f8e-1430-4489-8602-2096521ab84e__seg_002,2026-07-28 19:45:33.907000+00:00,2026-07-28 19:45:33.907000+00:00,0.0,1,,1,False,False
a0f8c86097e55fbfa506d057,70577f8e-1430-4489-8602-2096521ab84e,a0f8c86097e55fbfa506d057__70577f8e-1430-4489-8602-2096521ab84e__seg_003,2026-07-28 19:45:48.326000+00:00,2026-07-28 19:46:17.130000+00:00,28.804,4,9.633,2,False,False
a0f8c86097e55fbfa506d057,70577f8e-1430-4489-8602-2096521ab84e,a0f8c86097e55fbfa506d057__70577f8e-1430-4489-8602-2096521ab84e__seg_004,2026-07-28 19:46:28.445000+00:00,2026-07-28 19:46:28.445000+00:00,0.0,1,,3,False,False
a0f8c86097e55fbfa506d057,70577f8e-1430-4489-8602-2096521ab84e,a0f8c86097e55fbfa506d057__70577f8e-1430-4489-8602-2096521ab84e__seg_005,2026-07-28 19:46:38.865000+00:00,2026-07-28 19:47:14.728000+00:00,35.863,5,8.77,4,False,False
a0f8c86097e55fbfa506d057,70577f8e-1430-4489-8602-2096521ab84e,a0f8c86097e55fbfa506d057__70577f8e-1430-4489-8602-2096521ab84e__seg_006,2026-07-28 19:47:27.139000+00:00,2026-07-28 19:47:45.047000+00:00,17.908,3,8.954,5,False,False
a0f8c86097e55fbfa506d057,70577f8e-1430-4489-8602-2096521ab84e,a0f8c86097e55fbfa506d057__70577f8e-1430-4489-8602-2096521ab84e__seg_007,2026-07-28 19:47:55.434000+00:00,2026-07-28 19:47:55.434000+00:00,0.0,1,,6,False,False
a0f8c86097e55fbfa506d057,70577f8e-1430-4489-8602-2096521ab84e,a0f8c86097e55fbfa506d057__70577f8e-1430-4489-8602-2096521ab84e__seg_008,2026-07-28 19:48:06.720000+00:00,2026-07-28 19:48:57.851000+00:00,51.131,7,8.4495,7,False,False
a0f8c86097e55fbfa506d057,70577f8e-1430-4489-8602-2096521ab84e,a0f8c86097e55fbfa506d057__70577f8e-1430-4489-8602-2096521ab84e__seg_009,2026-07-28 19:49:08.093000+00:00,2026-07-28 19:49:08.093000+00:00,0.0,1,,8,False,False
a0f8c86097e55fbfa506d057,70577f8e-1430-4489-8602-2096521ab84e,a0f8c86097e55fbfa506d057__70577f8e-1430-4489-8602-2096521ab84e__seg_010,2026-07-28 19:49:21.044000+00:00,2026-07-28 19:49:21.044000+00:00,0.0,1,,9,False,False
a0f8c86097e55fbfa506d057,70577f8e-1430-4489-8602-2096521ab84e,a0f8c86097e55fbfa506d057__70577f8e-1430-4489-8602-2096521ab84e__seg_011,2026-07-28 19:49:36.993000+00:00,2026-07-28 19:49:36.993000+00:00,0.0,1,,10,False,False
a0f8c86097e55fbfa506d057,70577f8e-1430-4489-8602-2096521ab84e,a0f8c86097e55fbfa506d057__70577f8e-1430-4489-8602-2096521ab84e__seg_012,2026-07-28 19:49:48.577000+00:00,2026-07-28 19:49:48.577000+00:00,0.0,1,,11,False,False
a0f8c86097e55fbfa506d057,70577f8e-1430-4489-8602-2096521ab84e,a0f8c86097e55fbfa506d057__70577f8e-1430-4489-8602-2096521ab84e__seg_013,2026-07-28 19:49:58.896000+00:00,2026-07-28 19:49:58.896000+00:00,0.0,1,,12,False,False
a0f8c86097e55fbfa506d057,70577f8e-1430-4489-8602-2096521ab84e,a0f8c86097e55fbfa506d057__70577f8e-1430-4489-8602-2096521ab84e__seg_014,2026-07-28 19:50:09.587000+00:00,2026-07-28 19:50:09.587000+00:00,0.0,1,,13,False,False
a0f8c86097e55fbfa506d057,70577f8e-1430-4489-8602-2096521ab84e,a0f8c86097e55fbfa506d057__70577f8e-1430-4489-8602-2096521ab84e__seg_015,2026-07-28 19:50:22.923000+00:00,2026-07-28 19:50:22.923000+00:00,0.0,1,,14,False,False
a0f8c86097e55fbfa506d057,70577f8e-1430-4489-8602-2096521ab84e,a0f8c86097e55fbfa506d057__70577f8e-1430-4489-8602-2096521ab84e__seg_016,2026-07-28 19:50:33.024000+00:00,2026-07-28 19:50:33.024000+00:00,0.0,1,,15,False,False
a0f8c86097e55fbfa506d057,70577f8e-1430-4489-8602-2096521ab84e,a0f8c86097e55fbfa506d057__70577f8e-1430-4489-8602-2096521ab84e__seg_017,2026-07-28 19:50:45.639000+00:00,2026-07-28 19:50:45.639000+00:00,0.0,1,,16,False,False
a0f8c86097e55fbfa506d057,70577f8e-1430-4489-8602-2096521ab84e,a0f8c86097e55fbfa506d057__70577f8e-1430-4489-8602-2096521ab84e__seg_018,2026-07-28 19:50:58.536000+00:00,2026-07-28 19:52:47.745000+00:00,109.209,15,8.0025,17,False,False
a0f8c86097e55fbfa506d057,70577f8e-1430-4489-8602-2096521ab84e,a0f8c86097e55fbfa506d057__70577f8e-1430-4489-8602-2096521ab84e__seg_019,2026-07-28 19:53:00.865000+00:00,2026-07-28 19:53:00.865000+00:00,0.0,1,,18,False,False
a0f8c86097e55fbfa506d057,70577f8e-1430-4489-8602-2096521ab84e,a0f8c86097e55fbfa506d057__70577f8e-1430-4489-8602-2096521ab84e__seg_020,2026-07-28 19:53:14.208000+00:00,2026-07-28 19:53:14.208000+00:00,0.0,1,,19,False,False
a0f8c86097e55fbfa506d057,70577f8e-1430-4489-8602-2096521ab84e,a0f8c86097e55fbfa506d057__70577f8e-1430-4489-8602-2096521ab84e__seg_021,2026-07-28 19:53:28.470000+00:00,2026-07-28 19:53:28.470000+00:00,0.0,1,,20,False,False
a0f8c86097e55fbfa506d057,70577f8e-1430-4489-8602-2096521ab84e,a0f8c86097e55fbfa506d057__70577f8e-1430-4489-8602-2096521ab84e__seg_022,2026-07-28 19:53:40.747000+00:00,2026-07-28 19:53:40.747000+00:00,0.0,1,,21,False,False
a0f8c86097e55fbfa506d057,70577f8e-1430-4489-8602-2096521ab84e,a0f8c86097e55fbfa506d057__70577f8e-1430-4489-8602-2096521ab84e__seg_023,2026-07-28 19:53:57.477000+00:00,2026-07-28 19:53:57.477000+00:00,0.0,1,,22,False,False
a0f8c86097e55fbfa506d057,70577f8e-1430-4489-8602-2096521ab84e,a0f8c86097e55fbfa506d057__70577f8e-1430-4489-8602-2096521ab84e__seg_024,2026-07-28 19:54:12.582000+00:00,2026-07-28 19:54:12.582000+00:00,0.0,1,,23,False,False
a0f8c86097e55fbfa506d057,70577f8e-1430-4489-8602-2096521ab84e,a0f8c86097e55fbfa506d057__70577f8e-1430-4489-8602-2096521ab84e__seg_025,2026-07-28 19:54:22.927000+00:00,2026-07-28 19:54:32.284000+00:00,9.357,2,9.357,24,False,False
a0f8c86097e55fbfa506d057,70577f8e-1430-4489-8602-2096521ab84e,a0f8c86097e55fbfa506d057__70577f8e-1430-4489-8602-2096521ab84e__seg_026,2026-07-28 19:54:42.938000+00:00,2026-07-28 19:54:51.773000+00:00,8.835,2,8.835,25,False,False
a0f8c86097e55fbfa506d057,70577f8e-1430-4489-8602-2096521ab84e,a0f8c86097e55fbfa506d057__70577f8e-1430-4489-8602-2096521ab84e__seg_027,2026-07-28 19:55:03.437000+00:00,2026-07-28 19:55:22.483000+00:00,19.046,3,9.523,26,False,False
a0f8c86097e55fbfa506d057,70577f8e-1430-4489-8602-2096521ab84e,a0f8c86097e55fbfa506d057__70577f8e-1430-4489-8602-2096521ab84e__seg_028,2026-07-28 19:55:33.245000+00:00,2026-07-28 19:55:42.588000+00:00,9.343,2,9.343,27,False,False
a0f8c86097e55fbfa506d057,70577f8e-1430-4489-8602-2096521ab84e,a0f8c86097e55fbfa506d057__70577f8e-1430-4489-8602-2096521ab84e__seg_029,2026-07-28 19:55:56.342000+00:00,2026-07-28 19:55:56.342000+00:00,0.0,1,,28,False,False
a0f8c86097e55fbfa506d057,70577f8e-1430-4489-8602-2096521ab84e,a0f8c86097e55fbfa506d057__70577f8e-1430-4489-8602-2096521ab84e__seg_030,2026-07-28 19:56:07.380000+00:00,2026-07-28 19:56:15.527000+00:00,8.147,2,8.147,29,False,False
a0f8c86097e55fbfa506d057,70577f8e-1430-4489-8602-2096521ab84e,a0f8c86097e55fbfa506d057__70577f8e-1430-4489-8602-2096521ab84e__seg_031,2026-07-28 19:56:25.925000+00:00,2026-07-28 19:56:35.670000+00:00,9.745,2,9.745,30,False,False
a0f8c86097e55fbfa506d057,70577f8e-1430-4489-8602-2096521ab84e,a0f8c86097e55fbfa506d057__70577f8e-1430-4489-8602-2096521ab84e__seg_032,2026-07-28 19:56:46.020000+00:00,2026-07-28 19:56:46.020000+00:00,0.0,1,,31,False,False
a0f8c86097e55fbfa506d057,70577f8e-1430-4489-8602-2096521ab84e,a0f8c86097e55fbfa506d057__70577f8e-1430-4489-8602-2096521ab84e__seg_033,2026-07-28 19:56:56.404000+00:00,2026-07-28 19:56:56.404000+00:00,0.0,1,,32,False,False
a0f8c86097e55fbfa506d057,70577f8e-1430-4489-8602-2096521ab84e,a0f8c86097e55fbfa506d057__70577f8e-1430-4489-8602-2096521ab84e__seg_034,2026-07-28 19:57:06.872000+00:00,2026-07-28 19:57:16.703000+00:00,9.831,2,9.831,33,False,False
a0f8c86097e55fbfa506d057,70577f8e-1430-4489-8602-2096521ab84e,a0f8c86097e55fbfa506d057__70577f8e-1430-4489-8602-2096521ab84e__seg_035,2026-07-28 19:57:26.866000+00:00,2026-07-28 19:57:26.866000+00:00,0.0,1,,34,False,False
a0f8c86097e55fbfa506d057,70577f8e-1430-4489-8602-2096521ab84e,a0f8c86097e55fbfa506d057__70577f8e-1430-4489-8602-2096521ab84e__seg_036,2026-07-28 19:57:38.942000+00:00,2026-07-28 21:17:02.866000+00:00,4763.924,2075,2.039,35,True,True
a0f8c86097e55fbfa506d057,f24e9c1a-f11e-405c-b663-45fa6e25c405,a0f8c86097e55fbfa506d057__f24e9c1a-f11e-405c-b663-45fa6e25c405__seg_001,2026-07-27 13:16:45.456000+00:00,2026-07-27 15:32:26.172000+00:00,8140.716,4000,2.004,0,True,True
