threshold,precision,recall,f1,tn,fp,fn,tp,predicted_positive_rate,false_positive_rate,false_negative_rate,specificity,balanced_accuracy
0.01,0.6840025292443882,0.9997689463955638,0.8122770790313497,313,1999,1,4327,0.952710843373494,0.8646193771626297,0.0002310536044362292,0.13538062283737023,0.567574784616467
0.02,0.6934294871794872,0.9997689463955638,0.81888720666162,399,1913,1,4327,0.9397590361445783,0.8274221453287197,0.0002310536044362292,0.17257785467128028,0.586173400533422
0.03,0.6981923821820529,0.9995378927911276,0.82212086659065,442,1870,2,4326,0.9331325301204819,0.8088235294117647,0.0004621072088724584,0.19117647058823528,0.5953571816896814
0.04,0.7056616087453091,0.9993068391866913,0.8271970928564598,508,1804,3,4325,0.9230421686746988,0.7802768166089965,0.0006931608133086876,0.21972318339100347,0.6095150112888473
0.05,0.7133663366336633,0.9988447319778189,0.8323065075086639,575,1737,5,4323,0.9126506024096386,0.7512975778546713,0.0011552680221811461,0.24870242214532873,0.6237735770615738
0.06,0.7197133811031495,0.9979205175600739,0.8362861845289961,630,1682,9,4319,0.9037650602409638,0.7275086505190311,0.0020794824399260627,0.27249134948096887,0.6352059335205213
0.07,0.7296383913484286,0.9976894639556377,0.8428655084911185,712,1600,10,4318,0.8912650602409639,0.6920415224913494,0.0023105360443622922,0.3079584775086505,0.6528239707321442
0.08,0.7420075627363355,0.9974584103512015,0.8509757539917209,811,1501,11,4317,0.8762048192771085,0.6492214532871973,0.0025415896487985213,0.3507785467128028,0.6741184785320021
0.09,0.7501305937663242,0.9953789279112755,0.8555257670539171,877,1435,20,4308,0.8649096385542169,0.620674740484429,0.0046210720887245845,0.37932525951557095,0.6873520937134232
0.1,0.7586450247000706,0.9935304990757856,0.860344137655062,944,1368,28,4300,0.8536144578313253,0.5916955017301038,0.006469500924214418,0.4083044982698962,0.7009174986728409
0.11,0.7641071428571429,0.9886783733826248,0.8620064464141821,991,1321,49,4279,0.8433734939759037,0.5713667820069204,0.01132162661737523,0.4286332179930796,0.7086557956878522
0.12,0.7725127087872186,0.9831330868761553,0.865189101260675,1059,1253,73,4255,0.8295180722891566,0.541955017301038,0.01686691312384473,0.45804498269896193,0.7205890347875586
0.13,0.7794900018345258,0.9817467652495379,0.8690050107372942,1110,1202,79,4249,0.8209337349397591,0.5198961937716263,0.018253234750462106,0.4801038062283737,0.7309252857389558
0.14,0.7874907201187825,0.9803604436229205,0.8734046932894195,1167,1145,85,4243,0.8114457831325301,0.495242214532872,0.01963955637707948,0.504757785467128,0.7425591145450243
0.15,0.7944205205017787,0.9803604436229205,0.87765022236012,1214,1098,85,4243,0.8043674698795181,0.4749134948096886,0.01963955637707948,0.5250865051903114,0.752723474406616
0.16,0.8014358586812772,0.9801293900184843,0.8818210165263486,1261,1051,86,4242,0.7971385542168675,0.4545847750865052,0.019870609981515713,0.5454152249134948,0.7627723074659896
0.17,0.8075233912545351,0.9771256931608133,0.8842655514898066,1304,1008,99,4229,0.7887048192771084,0.4359861591695502,0.022874306839186693,0.5640138408304498,0.7705697669956315
0.18,0.8123798539023452,0.9764325323475046,0.8868835257082897,1336,976,102,4226,0.783433734939759,0.42214532871972316,0.02356746765249538,0.5778546712802768,0.7771436018138906
0.19,0.817812197483059,0.9759704251386322,0.8899188876013905,1371,941,104,4224,0.7778614457831325,0.4070069204152249,0.024029574861367836,0.5929930795847751,0.7844817523617036
0.2,0.824,0.975739371534196,0.8934729715434254,1410,902,105,4223,0.7718373493975904,0.39013840830449825,0.024260628465804065,0.6098615916955017,0.7928004816148488
0.21,0.8294314381270903,0.9741219963031423,0.8959727977898204,1445,867,112,4216,0.7655120481927711,0.375,0.025878003696857672,0.625,0.7995609981515712
0.22,0.8339278636543797,0.9722735674676525,0.897802432259441,1474,838,120,4208,0.7599397590361445,0.3624567474048443,0.027726432532347505,0.6375432525951558,0.8049084100314041
0.23,0.840063974410236,0.9708872458410351,0.9007502679528403,1512,800,126,4202,0.7533132530120482,0.3460207612456747,0.02911275415896488,0.6539792387543253,0.8124332422976802
0.24,0.8486442735734521,0.9690388170055453,0.9048543689320389,1564,748,134,4194,0.744277108433735,0.3235294117647059,0.030961182994454713,0.6764705882352942,0.8227547026204197
0.25,0.8548123980424144,0.9685767097966729,0.9081455805892548,1600,712,136,4192,0.7385542168674699,0.3079584775086505,0.031423290203327174,0.6920415224913494,0.8303091161440112
0.26,0.8605798889574336,0.9669593345656192,0.9106734849309107,1634,678,143,4185,0.7323795180722892,0.29325259515570934,0.03304066543438078,0.7067474048442907,0.8368533697049549
0.27,0.8669154228855721,0.9662661737523105,0.9138986013986014,1670,642,146,4182,0.7265060240963855,0.27768166089965396,0.03373382624768946,0.722318339100346,0.8442922564263282
0.28,0.8728601252609604,0.9660351201478743,0.9170870805001097,1703,609,147,4181,0.7213855421686747,0.2634083044982699,0.03396487985212569,0.7365916955017301,0.8513134078248021
0.29,0.8761006289308176,0.9655730129390019,0.9186634425148384,1721,591,149,4179,0.7183734939759037,0.2556228373702422,0.03442698706099815,0.7443771626297578,0.8549750877843798
0.3,0.8789473684210526,0.964648798521257,0.9198061246970698,1737,575,153,4175,0.7153614457831325,0.24870242214532873,0.03535120147874307,0.7512975778546713,0.8579731881879642
0.31,0.8831003811944091,0.9634935304990758,0.9215469613259668,1760,552,158,4170,0.7111445783132531,0.23875432525951557,0.03650646950092421,0.7612456747404844,0.8623696026197801
0.32,0.8884623587118788,0.9625693160813309,0.9240323832760342,1789,523,162,4166,0.7061746987951807,0.22621107266435986,0.03743068391866913,0.7737889273356401,0.8681791217084855
0.33,0.8935622317596567,0.9621072088724584,0.9265687583444593,1816,496,164,4164,0.7018072289156626,0.21453287197231835,0.03789279112754159,0.7854671280276817,0.87378716845007
0.34,0.8993288590604027,0.9597966728280961,0.9285794120934392,1847,465,174,4154,0.6956325301204819,0.20112456747404844,0.040203327171903884,0.7988754325259516,0.8793360526770239
0.35,0.9055822067160925,0.9595656192236599,0.931792685663002,1879,433,175,4153,0.6906626506024096,0.18728373702422146,0.04043438077634011,0.8127162629757786,0.8861409410997192
0.36,0.9106868553873162,0.9588724584103512,0.9341586944288126,1905,407,178,4150,0.6862951807228915,0.17603806228373703,0.0411275415896488,0.823961937716263,0.8914171980633071
0.37,0.9154338706116141,0.9579482439926063,0.9362086485265891,1929,383,182,4146,0.682078313253012,0.1656574394463668,0.04205175600739371,0.8343425605536332,0.8961454022731197
0.38,0.9188110026619344,0.9570240295748613,0.9375282933454051,1946,366,186,4142,0.6789156626506024,0.1583044982698962,0.042975970425138635,0.8416955017301038,0.8993597656524825
0.39,0.9249162011173184,0.9563308687615527,0.9403612404861978,1976,336,189,4139,0.6739457831325302,0.1453287197231834,0.04366913123844732,0.8546712802768166,0.9055010745191847
0.4,0.9286678667866787,0.9535582255083179,0.9409484724122207,1995,317,201,4127,0.6692771084337349,0.1371107266435986,0.04644177449168207,0.8628892733564014,0.9082237494323597
0.41,0.9319927699954812,0.9530961182994455,0.9424263193968472,2011,301,203,4125,0.666566265060241,0.13019031141868512,0.046903881700554526,0.8698096885813149,0.9114529034403802
0.42,0.9340285649512582,0.9519408502772643,0.9428996452683374,2021,291,208,4120,0.6643072289156626,0.1258650519031142,0.04805914972273567,0.8741349480968859,0.9130378991870751
0.43,0.9371584699453552,0.9510166358595195,0.9440366972477064,2036,276,212,4116,0.6614457831325301,0.11937716262975778,0.048983364140480594,0.8806228373702422,0.9158197366148808
0.44,0.9422680412371134,0.9503234750462107,0.9462786149775682,2060,252,215,4113,0.6573795180722891,0.10899653979238755,0.049676524953789276,0.8910034602076125,0.9206634676269116
0.45,0.9454419889502762,0.9489371534195934,0.9471863468634686,2075,237,221,4107,0.6542168674698795,0.10250865051903114,0.051062846580406655,0.8974913494809689,0.9232142514502811
0.46,0.9466635880858923,0.9473197781885397,0.9469915694652963,2081,231,228,4100,0.6522590361445784,0.09991349480968859,0.05268022181146026,0.9000865051903114,0.9237031416894256
0.47,0.949443413729128,0.9459334565619224,0.9476851851851852,2094,218,234,4094,0.6493975903614457,0.09429065743944637,0.05406654343807763,0.9057093425605537,0.9258213995612381
0.48,0.9553111839026673,0.9433918669131238,0.9493141129969774,2121,191,245,4083,0.6436746987951807,0.08261245674740485,0.05660813308687616,0.9173875432525952,0.9303897050828596
0.49,0.9563892145369285,0.9424676524953789,0.9493774002094728,2126,186,249,4079,0.6423192771084337,0.08044982698961937,0.05753234750462107,0.9195501730103807,0.9310089127528798
0.5,0.9589719405800519,0.9396950092421442,0.9492356167580814,2138,174,261,4067,0.6387048192771084,0.07525951557093426,0.06030499075785582,0.9247404844290658,0.932217746835605
0.51,0.9633595051153938,0.9355360443622921,0.9492439338881725,2158,154,279,4049,0.6329819277108434,0.06660899653979238,0.06446395563770795,0.9333910034602076,0.9344635239112499
0.52,0.9643284654057936,0.9306839186691312,0.9472075249853028,2163,149,300,4028,0.629066265060241,0.06444636678200692,0.06931608133086876,0.9355536332179931,0.9331187759435622
0.53,0.966987951807229,0.9272181146025879,0.946685539042227,2175,137,315,4013,0.625,0.0592560553633218,0.0727818853974122,0.9407439446366782,0.933981029619633
0.54,0.9699685153790264,0.925369685767098,0.9471443774388081,2188,124,323,4005,0.6218373493975904,0.05363321799307959,0.07463031423290203,0.9463667820069204,0.9358682338870092
0.55,0.9713244228432564,0.9235212569316081,0.9468198507639465,2194,118,331,3997,0.6197289156626506,0.05103806228373702,0.07647874306839186,0.948961937716263,0.9362415973239355
0.56,0.9731641863869236,0.9216728280961183,0.9467188797911475,2202,110,339,3989,0.6173192771084337,0.04757785467128028,0.0783271719038817,0.9524221453287197,0.937047486712419
0.57,0.973825831702544,0.9198243992606284,0.9460551330798479,2205,107,347,3981,0.6156626506024097,0.046280276816609,0.08017560073937154,0.953719723183391,0.9367720612220097
0.58,0.9751842751842752,0.9170517560073937,0.9452250535841867,2211,101,359,3969,0.6129518072289156,0.04368512110726644,0.08294824399260628,0.9563148788927336,0.9366833174500637
0.59,0.975826344351258,0.9140480591497228,0.943927463612503,2214,98,372,3956,0.6105421686746988,0.04238754325259515,0.08595194085027727,0.9576124567474048,0.9358302579485638
0.6,0.9767269126021293,0.9115064695009242,0.9429903191107925,2218,94,383,3945,0.6082831325301205,0.04065743944636678,0.08849353049907578,0.9593425605536332,0.9354245150272786
0.61,0.9773800646283868,0.9085027726432532,0.9416836307029098,2221,91,396,3932,0.6058734939759036,0.0393598615916955,0.09149722735674677,0.9606401384083045,0.9345714555257789
0.62,0.9792707292707292,0.9059611829944547,0.9411905904944791,2229,83,407,3921,0.6030120481927711,0.035899653979238756,0.09403881700554528,0.9641003460207612,0.9350307645076079
0.63,0.9821428571428571,0.902264325323475,0.9405105973025049,2241,71,423,3905,0.5987951807228916,0.030709342560553632,0.09773567467652496,0.9692906574394463,0.9357774913814607
0.64,0.9843315643164013,0.8999537892791127,0.9402534701267351,2250,62,433,3895,0.595933734939759,0.026816608996539794,0.10004621072088725,0.9731833910034602,0.9365685901412865
0.65,0.9853090172239108,0.8987985212569316,0.9400676655389076,2254,58,438,3890,0.594578313253012,0.025086505190311418,0.1012014787430684,0.9749134948096886,0.9368560080333102
0.66,0.9855219710439421,0.8964879852125693,0.9388989715668482,2255,57,448,3880,0.592921686746988,0.024653979238754325,0.10351201478743069,0.9753460207612457,0.9359170029869075
0.67,0.9859943977591037,0.8946395563770795,0.9380981223500908,2257,55,456,3872,0.5914156626506024,0.02378892733564014,0.10536044362292052,0.9762110726643599,0.9354253145207196
0.68,0.9872318692543411,0.8932532347504621,0.9378942261038331,2262,50,462,3866,0.5897590361445784,0.02162629757785467,0.1067467652495379,0.9783737024221453,0.9358134685863038
0.69,0.9894871794871795,0.8916358595194085,0.9380165289256198,2271,41,469,3859,0.5873493975903614,0.01773356401384083,0.1083641404805915,0.9822664359861591,0.9369511477527839
0.7,0.9902288506042685,0.8897874306839186,0.9373250578069855,2274,38,477,3851,0.5856927710843374,0.01643598615916955,0.11021256931608132,0.9835640138408305,0.9366757222623745
0.71,0.9909747292418772,0.8879390018484289,0.9366317328783816,2277,35,485,3843,0.5840361445783132,0.01513840830449827,0.11206099815157117,0.9848615916955017,0.9364002967719653
0.72,0.9922480620155039,0.8872458410351202,0.936813857038302,2282,30,488,3840,0.5828313253012049,0.012975778546712802,0.11275415896487985,0.9870242214532872,0.9371350312442037
0.73,0.9935249935249936,0.8863216266173752,0.93686652826963,2287,25,492,3836,0.5814759036144578,0.010813148788927335,0.11367837338262476,0.9891868512110726,0.9377542389142239
0.74,0.9948038451545856,0.8847042513863216,0.936529289470466,2292,20,499,3829,0.5796686746987951,0.00865051903114187,0.11529574861367838,0.9913494809688581,0.9380268661775899
0.75,0.9947889525794684,0.8821626617375231,0.935096742591232,2292,20,510,3818,0.5780120481927711,0.00865051903114187,0.1178373382624769,0.9913494809688581,0.9367560713531906
0.76,0.9955578782336033,0.8803142329020333,0.9343960760269773,2295,17,518,3810,0.576355421686747,0.007352941176470588,0.11968576709796673,0.9926470588235294,0.9364806458627813
0.77,0.9958115183246073,0.8789279112754159,0.9337260677466863,2296,16,524,3804,0.5753012048192772,0.006920415224913495,0.12107208872458411,0.9930795847750865,0.9360037480252512
0.78,0.9960619585192964,0.8766173752310537,0.9325304166154602,2297,15,534,3794,0.573644578313253,0.006487889273356401,0.12338262476894639,0.9935121107266436,0.9350647429788486
0.79,0.9960536700868192,0.8747689463955638,0.9314798868249478,2297,15,542,3786,0.5724397590361445,0.006487889273356401,0.12523105360443623,0.9935121107266436,0.9341405285611037
0.8,0.996046389035319,0.8731515711645101,0.930558975621768,2297,15,549,3779,0.5713855421686747,0.006487889273356401,0.12684842883548983,0.9935121107266436,0.9333318409455769
0.81,0.9960380348652932,0.8713031423290203,0.929504560019719,2297,15,557,3771,0.5701807228915663,0.006487889273356401,0.12869685767097966,0.9935121107266436,0.9324076265278319
0.82,0.9960201644998673,0.8673752310536045,0.9272570087686798,2297,15,574,3754,0.5676204819277109,0.006487889273356401,0.13262476894639558,0.9935121107266436,0.930443670890124
0.83,0.9967914438502674,0.8613678373382625,0.9241447694595935,2300,12,600,3728,0.5632530120481928,0.005190311418685121,0.13863216266173753,0.9948096885813149,0.9280887629597887
0.84,0.9967862881628281,0.859981515711645,0.9233440833540064,2300,12,606,3722,0.5623493975903614,0.005190311418685121,0.1400184842883549,0.9948096885813149,0.92739560214648
0.85,0.9967802522135766,0.8583641404805915,0.9224084419615146,2300,12,613,3715,0.5612951807228915,0.005190311418685121,0.1416358595194085,0.9948096885813149,0.9265869145309532
0.86,0.9973067600323189,0.8555914972273567,0.9210297226713096,2302,10,625,3703,0.5591867469879518,0.004325259515570935,0.14440850277264325,0.995674740484429,0.9256331188558928
0.87,0.9972987574284171,0.8530499075785583,0.9195516811955168,2302,10,636,3692,0.5575301204819277,0.004325259515570935,0.14695009242144177,0.995674740484429,0.9243623240314937
0.88,0.9975596529284165,0.8500462107208873,0.9179141716566867,2303,9,649,3679,0.555421686746988,0.0038927335640138406,0.14995378927911276,0.9961072664359861,0.9230767385784366
0.89,0.9975510204081632,0.8470425138632163,0.9161564413344996,2303,9,662,3666,0.5534638554216867,0.0038927335640138406,0.15295748613678373,0.9961072664359861,0.9215748901496013
0.9,0.9978136102760317,0.8435767097966729,0.9142356329034681,2304,8,677,3651,0.5510542168674699,0.0034602076124567475,0.15642329020332718,0.9965397923875432,0.920058251092108
0.91,0.9978046103183315,0.8401109057301294,0.9121926743602609,2304,8,692,3636,0.5487951807228916,0.0034602076124567475,0.1598890942698706,0.9965397923875432,0.9183253490588363
0.92,0.9980614788147327,0.83271719038817,0.9079229122055674,2305,7,724,3604,0.5438253012048193,0.003027681660899654,0.16728280961182995,0.9969723183391004,0.9148447543636352
0.93,0.9983240223463687,0.8257855822550831,0.9038947900859888,2306,6,754,3574,0.5391566265060241,0.0025951557093425604,0.17421441774491683,0.9974048442906575,0.9115952132728703
0.94,0.9985935302390999,0.8202402957486137,0.9006723328681974,2307,5,778,3550,0.5353915662650602,0.0021626297577854673,0.17975970425138632,0.9978373702422145,0.9090388329954141
0.95,0.9988710132655941,0.8176987060998152,0.8992504129081438,2308,4,789,3539,0.5335843373493976,0.0017301038062283738,0.18230129390018485,0.9982698961937716,0.9079843011467934
0.96,0.9994323020153278,0.8135397412199631,0.8969558018086868,2310,2,807,3521,0.5305722891566265,0.0008650519031141869,0.18646025878003697,0.9991349480968859,0.9063373446584244
0.97,0.999707516817783,0.7897412199630314,0.8824060926810379,2311,1,910,3418,0.5149096385542169,0.00043252595155709344,0.21025878003696857,0.9995674740484429,0.8946543470057371
0.98,0.9996934396076027,0.7534658040665434,0.8592885375494071,2311,1,1067,3261,0.49126506024096384,0.00043252595155709344,0.24653419593345657,0.9995674740484429,0.8765166390574932
0.99,1.0,0.7063308687615527,0.8278943805010156,2312,0,1271,3057,0.4603915662650602,0.0,0.29366913123844735,1.0,0.8531654343807764
