threshold,precision,recall,f1,tn,fp,fn,tp,predicted_positive_rate,false_positive_rate,false_negative_rate,specificity,balanced_accuracy,selected_candidate_rules
0.01,0.3868142000922084,1.0,0.557845744680851,21,1330,0,839,0.9904109589041096,0.9844559585492227,0.0,0.015544041450777202,0.5077720207253886,
0.02,0.3955681282413956,1.0,0.5668918918918919,69,1282,0,839,0.9684931506849315,0.9489267209474463,0.0,0.05107327905255366,0.5255366395262768,E_minimum_fn_recall_ge_0_90
0.03,0.40191846522781777,0.99880810488677,0.573187414500684,104,1247,1,838,0.952054794520548,0.923019985196151,0.0011918951132300357,0.076980014803849,0.5378940598453095,
0.04,0.40749756572541385,0.9976162097735399,0.5786380919460767,134,1217,2,837,0.9378995433789954,0.9008142116950407,0.0023837902264600714,0.09918578830495929,0.5484009990392497,
0.05,0.41112752338749387,0.9952324195470799,0.5818815331010453,155,1196,4,835,0.9273972602739726,0.8852701702442635,0.004767580452920143,0.11472982975573649,0.5549811246514081,
0.06,0.4107760751359367,0.9904648390941597,0.5807127882599581,159,1192,8,831,0.9237442922374429,0.8823094004441154,0.009535160905840286,0.11769059955588453,0.5540777193250221,
0.07,0.4127299850820487,0.9892729439809297,0.5824561403508772,170,1181,9,830,0.9182648401826484,0.8741672834937083,0.010727056019070322,0.12583271650629163,0.5575528302436107,
0.08,0.42166836215666326,0.9880810488676997,0.5910873440285205,214,1137,10,829,0.897716894977169,0.84159881569208,0.011918951132300357,0.15840118430792005,0.5732411165878099,
0.09,0.422462648119526,0.9773539928486293,0.5899280575539568,230,1121,19,820,0.8863013698630137,0.8297557364914878,0.02264600715137068,0.1702442635085122,0.5737991281785708,
0.1,0.4260230849947534,0.9678188319427891,0.5916211293260474,257,1094,27,812,0.8703196347031964,0.8097705403404886,0.03218116805721097,0.19022945965951146,0.5790241458011502,
0.11,0.42412868632707773,0.9427890345649583,0.5850591715976331,277,1074,48,791,0.8515981735159818,0.7949666913397483,0.057210965435041714,0.20503330866025166,0.573911171612605,
0.12,0.42337375964718854,0.9153754469606674,0.5789672069355447,305,1046,71,768,0.828310502283105,0.7742413027387121,0.08462455303933254,0.22575869726128794,0.5705670721109777,
0.13,0.4264129826524902,0.9082240762812872,0.5803503427265804,326,1025,77,762,0.8159817351598173,0.7586972612879349,0.09177592371871275,0.24130273871206515,0.5747634074966762,
0.14,0.432,0.901072705601907,0.5840092699884125,357,994,83,756,0.7990867579908676,0.7357512953367875,0.09892729439809297,0.26424870466321243,0.5826607051325597,
0.15,0.43902439024390244,0.901072705601907,0.5903943771964076,385,966,83,756,0.7863013698630137,0.7150259067357513,0.09892729439809297,0.2849740932642487,0.5930233994330778,
0.16,0.4462174940898345,0.899880810488677,0.5966021335440538,414,937,84,755,0.7726027397260274,0.6935603256846781,0.10011918951132301,0.306439674315322,0.6031602424019995,
0.17,0.45051608986035213,0.8843861740166865,0.5969428801287209,446,905,97,742,0.7520547945205479,0.6698741672834937,0.11561382598331346,0.3301258327165063,0.6072560033665964,
0.18,0.45589142504626773,0.8808104886769964,0.6008130081300813,469,882,100,739,0.7401826484018265,0.6528497409326425,0.11918951132300358,0.3471502590673575,0.613980373872177,
0.19,0.4629396984924623,0.8784266984505363,0.6063348416289592,496,855,102,737,0.7269406392694064,0.6328645447816432,0.12157330154946365,0.3671354552183568,0.6227810768344466,
0.2,0.472703917790623,0.8772348033373063,0.6143572621035058,530,821,103,736,0.7109589041095891,0.6076980014803849,0.12276519666269368,0.3923019985196151,0.6347684009284607,
0.21,0.48023715415019763,0.8688915375446961,0.618582944420874,562,789,110,729,0.6931506849315069,0.5840118430792006,0.13110846245530394,0.41598815692079943,0.6424398472327477,
0.22,0.48486886348352387,0.8593563766388558,0.6199484092863284,585,766,118,721,0.6789954337899543,0.5669874167283494,0.14064362336114422,0.43301258327165065,0.6461844799552532,
0.23,0.49276361130255,0.8522050059594756,0.6244541484716157,615,736,124,715,0.6625570776255708,0.5447816432272391,0.14779499404052443,0.4552183567727609,0.6537116813661182,
0.24,0.505360972122945,0.8426698450536353,0.6318141197497766,659,692,132,707,0.6388127853881278,0.5122131754256106,0.1573301549463647,0.4877868245743893,0.6652283348140123,
0.25,0.5168621700879765,0.8402860548271752,0.640036314117113,692,659,134,705,0.6228310502283105,0.4877868245743893,0.15971394517282478,0.5122131754256106,0.6762496151263929,
0.26,0.527190332326284,0.831942789034565,0.6453999075358299,725,626,141,698,0.6045662100456621,0.463360473723168,0.16805721096543505,0.536639526276832,0.6842911576556985,
0.27,0.5395962732919255,0.8283671036948749,0.6535025858015985,758,593,144,695,0.5881278538812785,0.4389341228719467,0.17163289630512515,0.5610658771280533,0.6947164904114641,
0.28,0.552547770700637,0.8271752085816448,0.6625298329355609,789,562,145,694,0.5735159817351598,0.41598815692079943,0.1728247914183552,0.5840118430792006,0.7055935258304227,
0.29,0.5589660743134087,0.8247914183551848,0.666345690900337,805,546,147,692,0.5652968036529681,0.40414507772020725,0.17520858164481526,0.5958549222797928,0.7103231703174888,
0.3,0.5647540983606557,0.8212157330154947,0.6692569208353569,820,531,150,689,0.5570776255707762,0.3930421909696521,0.17878426698450536,0.6069578090303479,0.7140867710229213,
0.31,0.5738255033557047,0.8152562574493445,0.6735598227474151,843,508,155,684,0.5442922374429223,0.3760177646188009,0.18474374255065554,0.6239822353811991,0.7196192464152718,
0.32,0.58656330749354,0.8116805721096544,0.681,871,480,158,681,0.5301369863013699,0.35529237601776464,0.18831942789034564,0.6447076239822354,0.7281940980459449,
0.33,0.5998233215547704,0.8092967818831943,0.6889903602232369,898,453,160,679,0.5168949771689497,0.33530717986676534,0.1907032181168057,0.6646928201332346,0.7369948010082145,
0.34,0.6142595978062158,0.8009535160905841,0.6952922917744438,929,422,167,672,0.4995433789954338,0.31236121391561805,0.19904648390941598,0.6876387860843819,0.744296151087483,
0.35,0.632173095014111,0.8009535160905841,0.7066246056782335,960,391,167,672,0.4853881278538813,0.28941524796447077,0.19904648390941598,0.7105847520355293,0.7557691340630567,
0.36,0.6470019342359767,0.797377830750894,0.7143619861185264,986,365,170,669,0.47214611872146117,0.2701702442635085,0.2026221692491061,0.7298297557364914,0.7636037932436928,
0.37,0.6610505450941526,0.7949940405244339,0.7218614718614719,1009,342,172,667,0.46073059360730595,0.2531458179126573,0.20500595947556616,0.7468541820873427,0.7709241113058882,
0.38,0.6720484359233098,0.7938021454112039,0.7278688524590164,1026,325,173,666,0.45251141552511415,0.24056254626202814,0.2061978545887962,0.7594374537379719,0.7766197995745878,
0.39,0.6927083333333334,0.7926102502979738,0.7392996108949417,1056,295,174,665,0.4383561643835616,0.21835677276091783,0.20738974970202623,0.7816432272390822,0.787126738768528,
0.4,0.7035445757250268,0.7806912991656734,0.7401129943502824,1075,276,184,655,0.42511415525114155,0.20429311621021465,0.21930870083432658,0.7957068837897854,0.7881990914777294,
0.41,0.7152245345016429,0.7783075089392133,0.7454337899543378,1091,260,186,653,0.4168949771689498,0.19245003700962252,0.22169249106078665,0.8075499629903775,0.7929287359647954,
0.42,0.7219132369299222,0.7735399284862932,0.7468354430379747,1101,250,190,649,0.41050228310502285,0.1850481125092524,0.22646007151370678,0.8149518874907475,0.7942459079885203,
0.43,0.7335600907029478,0.7711561382598331,0.7518884369552585,1116,235,192,647,0.40273972602739727,0.17394522575869725,0.22884386174016685,0.8260547742413027,0.7986054562505679,
0.44,0.754079254079254,0.7711561382598331,0.7625220978196818,1140,211,192,647,0.3917808219178082,0.15618060695780903,0.22884386174016685,0.843819393042191,0.807487765651012,
0.45,0.7657550535077289,0.767580452920143,0.7666666666666667,1154,197,195,644,0.38401826484018264,0.14581791265729088,0.232419547079857,0.8541820873427091,0.8108812701314261,
0.46,0.7695078031212484,0.7640047675804529,0.7667464114832536,1159,192,198,641,0.38036529680365294,0.14211695040710584,0.2359952324195471,0.8578830495928942,0.8109439085866735,
0.47,0.7781862745098039,0.7568533969010727,0.7673716012084593,1170,181,204,635,0.3726027397260274,0.13397483345669875,0.2431466030989273,0.8660251665433013,0.8114392817221869,
0.48,0.8020434227330779,0.7485101311084624,0.7743526510480888,1196,155,211,628,0.35753424657534244,0.11472982975573649,0.25148986889153757,0.8852701702442635,0.816890150676363,
0.49,0.8067010309278351,0.7461263408820024,0.7752321981424148,1201,150,213,626,0.354337899543379,0.11102886750555144,0.25387365911799764,0.8889711324944486,0.8175487366882255,A_maximum_f1;recommended_run_aware
0.5,0.8167330677290837,0.733015494636472,0.7726130653266332,1213,138,224,615,0.34383561643835614,0.10214655810510732,0.266984505363528,0.8978534418948927,0.8154344682656823,D_closest_to_0_50_recall_ge_0_90
0.51,0.8361111111111111,0.7175208581644815,0.77228992944195,1233,118,237,602,0.3287671232876712,0.08734270910436713,0.2824791418355185,0.9126572908956329,0.8150890745300572,
0.52,0.8388017118402282,0.700834326579261,0.7636363636363637,1238,113,251,588,0.32009132420091324,0.08364174685418209,0.29916567342073896,0.9163582531458179,0.8085962898625394,
0.53,0.8505917159763313,0.6853396901072706,0.759075907590759,1250,101,264,575,0.308675799086758,0.07475943745373798,0.3146603098927294,0.9252405625462621,0.8052901263267663,
0.54,0.8647416413373861,0.6781883194278904,0.760187040748163,1262,89,270,569,0.3004566210045662,0.06587712805329386,0.3218116805721097,0.9341228719467062,0.8061555956872983,
0.55,0.8690292758089369,0.6722288438617402,0.7580645161290323,1266,85,275,564,0.29634703196347034,0.06291635825314582,0.32777115613825986,0.9370836417468542,0.8046562428042972,
0.56,0.8732394366197183,0.66507747318236,0.7550744248985115,1270,81,281,558,0.29178082191780824,0.05995558845299778,0.33492252681764006,0.9400444115470022,0.8025609423646811,
0.57,0.8748019017432647,0.6579261025029798,0.7510204081632653,1272,79,287,552,0.28812785388127854,0.05847520355292376,0.3420738974970203,0.9415247964470762,0.799725449475028,
0.58,0.8802588996763754,0.6483909415971395,0.7467398764584763,1277,74,295,544,0.2821917808219178,0.05477424130273871,0.35160905840286055,0.9452257586972613,0.7968083501472004,
0.59,0.881578947368421,0.6388557806912991,0.7408431237042156,1279,72,303,536,0.2776255707762557,0.053293856402664694,0.36114421930870083,0.9467061435973353,0.7927809621443171,
0.6,0.8859060402684564,0.6293206197854588,0.7358885017421603,1283,68,311,528,0.27214611872146116,0.050333086602516654,0.3706793802145411,0.9496669133974833,0.7894937665914711,
0.61,0.886986301369863,0.6174016686531585,0.7280393534785664,1285,66,321,518,0.26666666666666666,0.04885270170244264,0.38259833134684146,0.9511472982975574,0.7842744834753579,
0.62,0.8900523560209425,0.6078665077473182,0.7223796033994334,1288,63,329,510,0.26164383561643834,0.046632124352331605,0.39213349225268174,0.9533678756476683,0.7806171916974933,
0.63,0.9065934065934066,0.5899880810488677,0.7148014440433214,1300,51,344,495,0.2493150684931507,0.03774981495188749,0.4100119189511323,0.9622501850481125,0.7761191330484901,B_max_precision_recall_ge_0_90;C_minimum_fp_recall_ge_0_90
0.64,0.9154135338345865,0.5804529201430274,0.7104303428154631,1306,45,352,487,0.24292237442922374,0.033308660251665435,0.4195470798569726,0.9666913397483345,0.773572129945681,
0.65,0.9180952380952381,0.5744934445768772,0.7067448680351907,1308,43,357,482,0.23972602739726026,0.03182827535159141,0.42550655542312277,0.9681717246484086,0.7713325846126429,
0.66,0.916504854368932,0.5625744934445769,0.6971935007385525,1308,43,367,472,0.23515981735159816,0.03182827535159141,0.4374255065554231,0.9681717246484086,0.7653731090464928,
0.67,0.9191321499013807,0.5554231227651967,0.6924219910846954,1310,41,373,466,0.23150684931506849,0.030347890451517395,0.4445768772348033,0.9696521095484826,0.7625376161568396,
0.68,0.9274193548387096,0.5482717520858165,0.6891385767790262,1315,36,379,460,0.2264840182648402,0.026646928201332347,0.45172824791418353,0.9733530717986677,0.7608124119422421,
0.69,0.9399585921325052,0.5411203814064363,0.686838124054463,1322,29,385,454,0.22054794520547946,0.02146558105107328,0.45887961859356374,0.9785344189489267,0.7598274001776815,
0.7,0.9432773109243697,0.5351609058402861,0.6828897338403042,1324,27,390,449,0.217351598173516,0.01998519615099926,0.464839094159714,0.9800148038490007,0.7575878548446434,
0.71,0.9483870967741935,0.5256257449344458,0.6763803680981595,1327,24,398,441,0.21232876712328766,0.01776461880088823,0.47437425506555425,0.9822353811991118,0.7539305630667787,
0.72,0.9564270152505446,0.5232419547079857,0.6764252696456087,1331,20,400,439,0.2095890410958904,0.014803849000740192,0.4767580452920143,0.9851961509992598,0.7542190528536228,
0.73,0.9666666666666667,0.5184743742550656,0.6749418153607447,1336,15,404,435,0.2054794520547945,0.011102886750555145,0.48152562574493446,0.9888971132494448,0.7536857437522553,
0.74,0.9750566893424036,0.5125148986889154,0.671875,1340,11,409,430,0.20136986301369864,0.008142116950407105,0.48748510131108463,0.9918578830495929,0.7521863908692541,
0.75,0.9747126436781609,0.5053635280095352,0.6656200941915228,1340,11,415,424,0.19863013698630136,0.008142116950407105,0.49463647199046484,0.9918578830495929,0.7486107055295641,
0.76,0.9812646370023419,0.499404052443385,0.6619273301737757,1343,8,420,419,0.19497716894977168,0.005921539600296077,0.5005959475566151,0.9940784603997039,0.7467412564215444,
0.77,0.9833333333333333,0.4922526817640048,0.6560762509928515,1344,7,426,413,0.1917808219178082,0.0051813471502590676,0.5077473182359953,0.9948186528497409,0.7435356673068728,
0.78,0.9853658536585366,0.48152562574493446,0.6469175340272217,1345,6,435,404,0.1872146118721461,0.0044411547002220575,0.5184743742550656,0.9955588452997779,0.7385422355223562,
0.79,0.9850746268656716,0.4719904648390942,0.6381950040290089,1345,6,443,396,0.18356164383561643,0.0044411547002220575,0.5280095351609059,0.9955588452997779,0.7337746550694361,
0.8,0.985,0.4696066746126341,0.6359967715899919,1345,6,445,394,0.182648401826484,0.0044411547002220575,0.5303933253873659,0.9955588452997779,0.732582759956206,
0.81,0.9847715736040609,0.46245530393325385,0.6293592862935928,1345,6,451,388,0.17990867579908676,0.0044411547002220575,0.5375446960667462,0.9955588452997779,0.7290070746165158,
0.82,0.984375,0.4505363528009535,0.6181520850367948,1345,6,461,378,0.17534246575342466,0.0044411547002220575,0.5494636471990465,0.9955588452997779,0.7230475990503658,
0.83,0.9888579387186629,0.4231227651966627,0.5926544240400667,1347,4,484,355,0.1639269406392694,0.0029607698001480384,0.5768772348033373,0.997039230199852,0.7100809976982574,
0.84,0.9887323943661972,0.41835518474374256,0.5879396984924623,1347,4,488,351,0.16210045662100456,0.0029607698001480384,0.5816448152562574,0.997039230199852,0.7076972074717973,
0.85,0.9887005649717514,0.4171632896305125,0.586756077116513,1347,4,489,350,0.16164383561643836,0.0029607698001480384,0.5828367103694875,0.997039230199852,0.7071012599151822,
0.86,0.9914772727272727,0.4159713945172825,0.5860621326616289,1348,3,490,349,0.16073059360730593,0.0022205773501110288,0.5840286054827175,0.997779422649889,0.7068754085835858,
0.87,0.9914529914529915,0.41477949940405245,0.584873949579832,1348,3,491,348,0.16027397260273973,0.0022205773501110288,0.5852205005959475,0.997779422649889,0.7062794610269707,
0.88,0.9914285714285714,0.4135876042908224,0.5836837678721615,1348,3,492,347,0.1598173515981735,0.0022205773501110288,0.5864123957091776,0.997779422649889,0.7056835134703556,
0.89,0.9913793103448276,0.41120381406436235,0.5812973883740522,1348,3,494,345,0.1589041095890411,0.0022205773501110288,0.5887961859356377,0.997779422649889,0.7044916183571257,
0.9,0.9942196531791907,0.4100119189511323,0.580590717299578,1349,2,495,344,0.15799086757990868,0.0014803849000740192,0.5899880810488677,0.9985196150999259,0.7042657670255291,
0.91,0.9942028985507246,0.4088200238379023,0.5793918918918919,1349,2,496,343,0.15753424657534246,0.0014803849000740192,0.5911799761620977,0.9985196150999259,0.7036698194689142,
0.92,0.9970501474926253,0.4028605482717521,0.5738539898132428,1350,1,501,338,0.1547945205479452,0.0007401924500370096,0.5971394517282479,0.999259807549963,0.7010601779108576,
0.93,0.9969879518072289,0.39451728247914186,0.5653287788215201,1350,1,508,331,0.15159817351598173,0.0007401924500370096,0.6054827175208581,0.999259807549963,0.6968885450145524,
0.94,0.9969418960244648,0.38855780691299163,0.5591766723842195,1350,1,513,326,0.14931506849315068,0.0007401924500370096,0.6114421930870083,0.999259807549963,0.6939088072314773,
0.95,0.9968847352024922,0.3814064362336114,0.5517241379310345,1350,1,519,320,0.14657534246575343,0.0007401924500370096,0.6185935637663885,0.999259807549963,0.6903331218917872,
0.96,0.9968454258675079,0.3766388557806913,0.5467128027681661,1350,1,523,316,0.14474885844748858,0.0007401924500370096,0.6233611442193087,0.999259807549963,0.6879493316653271,
0.97,0.9968253968253968,0.3742550655542312,0.5441941074523396,1350,1,525,314,0.14383561643835616,0.0007401924500370096,0.6257449344457687,0.999259807549963,0.6867574365520971,
0.98,0.9967320261437909,0.3635280095351609,0.5327510917030568,1350,1,534,305,0.13972602739726028,0.0007401924500370096,0.636471990464839,0.999259807549963,0.681393908542562,
0.99,1.0,0.35160905840286055,0.5202821869488536,1351,0,544,295,0.13470319634703196,0.0,0.6483909415971395,1.0,0.6758045292014303,
