machine_id,run_id,issue_type,timestamp,gap_seconds,severity,explanation
0890dcc046c079acc4de4202,89cdc34b-e02b-43b4-9284-144276df508a,large_gap,2026-07-23T19:03:37.276000+00:00,576.308,warning,Interval exceeds the 5× normal-interval threshold of 10.030 seconds.
7232bc533c21ce408d45d473,d88b15dd-1915-43ca-90ef-69f31ff4d9c1,large_gap,2026-07-28T10:40:53.862000+00:00,11.367,warning,Interval exceeds the 5× normal-interval threshold of 10.030 seconds.
7232bc533c21ce408d45d473,d88b15dd-1915-43ca-90ef-69f31ff4d9c1,large_gap,2026-07-28T10:41:07.445000+00:00,10.219,warning,Interval exceeds the 5× normal-interval threshold of 10.030 seconds.
7232bc533c21ce408d45d473,d88b15dd-1915-43ca-90ef-69f31ff4d9c1,large_gap,2026-07-28T10:51:07.818000+00:00,10.361,warning,Interval exceeds the 5× normal-interval threshold of 10.030 seconds.
7232bc533c21ce408d45d473,d88b15dd-1915-43ca-90ef-69f31ff4d9c1,large_gap,2026-07-28T10:51:22.201000+00:00,12.858,warning,Interval exceeds the 5× normal-interval threshold of 10.030 seconds.
7232bc533c21ce408d45d473,d88b15dd-1915-43ca-90ef-69f31ff4d9c1,large_gap,2026-07-28T10:56:45.655000+00:00,14.154,warning,Interval exceeds the 5× normal-interval threshold of 10.030 seconds.
7232bc533c21ce408d45d473,d88b15dd-1915-43ca-90ef-69f31ff4d9c1,large_gap,2026-07-28T11:09:21.149000+00:00,12.821,warning,Interval exceeds the 5× normal-interval threshold of 10.030 seconds.
7232bc533c21ce408d45d473,d88b15dd-1915-43ca-90ef-69f31ff4d9c1,large_gap,2026-07-28T11:09:33.248000+00:00,12.099,warning,Interval exceeds the 5× normal-interval threshold of 10.030 seconds.
7232bc533c21ce408d45d473,d88b15dd-1915-43ca-90ef-69f31ff4d9c1,large_gap,2026-07-28T11:09:45.276000+00:00,12.028,warning,Interval exceeds the 5× normal-interval threshold of 10.030 seconds.
7232bc533c21ce408d45d473,d88b15dd-1915-43ca-90ef-69f31ff4d9c1,large_gap,2026-07-28T11:09:57.470000+00:00,12.194,warning,Interval exceeds the 5× normal-interval threshold of 10.030 seconds.
7232bc533c21ce408d45d473,d88b15dd-1915-43ca-90ef-69f31ff4d9c1,large_gap,2026-07-28T11:10:09.454000+00:00,11.984,warning,Interval exceeds the 5× normal-interval threshold of 10.030 seconds.
7232bc533c21ce408d45d473,d88b15dd-1915-43ca-90ef-69f31ff4d9c1,large_gap,2026-07-28T11:10:20.880000+00:00,11.426,warning,Interval exceeds the 5× normal-interval threshold of 10.030 seconds.
7232bc533c21ce408d45d473,d88b15dd-1915-43ca-90ef-69f31ff4d9c1,large_gap,2026-07-28T11:10:32.927000+00:00,12.047,warning,Interval exceeds the 5× normal-interval threshold of 10.030 seconds.
7232bc533c21ce408d45d473,d88b15dd-1915-43ca-90ef-69f31ff4d9c1,large_gap,2026-07-28T11:10:45.718000+00:00,12.791,warning,Interval exceeds the 5× normal-interval threshold of 10.030 seconds.
7232bc533c21ce408d45d473,d88b15dd-1915-43ca-90ef-69f31ff4d9c1,large_gap,2026-07-28T11:10:57.027000+00:00,11.309,warning,Interval exceeds the 5× normal-interval threshold of 10.030 seconds.
7232bc533c21ce408d45d473,d88b15dd-1915-43ca-90ef-69f31ff4d9c1,large_gap,2026-07-28T11:21:16.217000+00:00,11.228,warning,Interval exceeds the 5× normal-interval threshold of 10.030 seconds.
7232bc533c21ce408d45d473,d88b15dd-1915-43ca-90ef-69f31ff4d9c1,large_gap,2026-07-28T11:21:30.140000+00:00,13.923,warning,Interval exceeds the 5× normal-interval threshold of 10.030 seconds.
7232bc533c21ce408d45d473,d88b15dd-1915-43ca-90ef-69f31ff4d9c1,large_gap,2026-07-28T11:21:43.083000+00:00,12.943,warning,Interval exceeds the 5× normal-interval threshold of 10.030 seconds.
7232bc533c21ce408d45d473,d88b15dd-1915-43ca-90ef-69f31ff4d9c1,large_gap,2026-07-28T11:21:54.179000+00:00,11.096,warning,Interval exceeds the 5× normal-interval threshold of 10.030 seconds.
7232bc533c21ce408d45d473,d88b15dd-1915-43ca-90ef-69f31ff4d9c1,large_gap,2026-07-28T11:26:17.585000+00:00,19.579,warning,Interval exceeds the 5× normal-interval threshold of 10.030 seconds.
7232bc533c21ce408d45d473,d88b15dd-1915-43ca-90ef-69f31ff4d9c1,large_gap,2026-07-28T11:26:31.953000+00:00,14.368,warning,Interval exceeds the 5× normal-interval threshold of 10.030 seconds.
7232bc533c21ce408d45d473,d88b15dd-1915-43ca-90ef-69f31ff4d9c1,large_gap,2026-07-28T11:26:46.317000+00:00,14.364,warning,Interval exceeds the 5× normal-interval threshold of 10.030 seconds.
7232bc533c21ce408d45d473,d88b15dd-1915-43ca-90ef-69f31ff4d9c1,large_gap,2026-07-28T11:27:02.845000+00:00,16.528,warning,Interval exceeds the 5× normal-interval threshold of 10.030 seconds.
7232bc533c21ce408d45d473,d88b15dd-1915-43ca-90ef-69f31ff4d9c1,large_gap,2026-07-28T11:27:20.920000+00:00,18.075,warning,Interval exceeds the 5× normal-interval threshold of 10.030 seconds.
7232bc533c21ce408d45d473,d88b15dd-1915-43ca-90ef-69f31ff4d9c1,large_gap,2026-07-28T11:27:35.287000+00:00,14.367,warning,Interval exceeds the 5× normal-interval threshold of 10.030 seconds.
7232bc533c21ce408d45d473,d88b15dd-1915-43ca-90ef-69f31ff4d9c1,large_gap,2026-07-28T11:27:46.411000+00:00,11.124,warning,Interval exceeds the 5× normal-interval threshold of 10.030 seconds.
7232bc533c21ce408d45d473,d88b15dd-1915-43ca-90ef-69f31ff4d9c1,large_gap,2026-07-28T11:35:25.553000+00:00,11.119,warning,Interval exceeds the 5× normal-interval threshold of 10.030 seconds.
7232bc533c21ce408d45d473,d88b15dd-1915-43ca-90ef-69f31ff4d9c1,large_gap,2026-07-28T11:37:51.213000+00:00,12.303,warning,Interval exceeds the 5× normal-interval threshold of 10.030 seconds.
7232bc533c21ce408d45d473,d88b15dd-1915-43ca-90ef-69f31ff4d9c1,large_gap,2026-07-28T11:38:02.738000+00:00,11.525,warning,Interval exceeds the 5× normal-interval threshold of 10.030 seconds.
7232bc533c21ce408d45d473,d88b15dd-1915-43ca-90ef-69f31ff4d9c1,large_gap,2026-07-28T11:44:07.098000+00:00,10.236,warning,Interval exceeds the 5× normal-interval threshold of 10.030 seconds.
7232bc533c21ce408d45d473,d88b15dd-1915-43ca-90ef-69f31ff4d9c1,large_gap,2026-07-28T11:58:31.449000+00:00,11.224,warning,Interval exceeds the 5× normal-interval threshold of 10.030 seconds.
7232bc533c21ce408d45d473,d88b15dd-1915-43ca-90ef-69f31ff4d9c1,large_gap,2026-07-28T12:10:53.034000+00:00,653.195,warning,Interval exceeds the 5× normal-interval threshold of 10.030 seconds.
7232bc533c21ce408d45d473,d88b15dd-1915-43ca-90ef-69f31ff4d9c1,large_gap,2026-07-28T12:22:28.066000+00:00,13.085,warning,Interval exceeds the 5× normal-interval threshold of 10.030 seconds.
7232bc533c21ce408d45d473,d88b15dd-1915-43ca-90ef-69f31ff4d9c1,large_gap,2026-07-28T12:22:42.048000+00:00,13.982,warning,Interval exceeds the 5× normal-interval threshold of 10.030 seconds.
7232bc533c21ce408d45d473,d88b15dd-1915-43ca-90ef-69f31ff4d9c1,large_gap,2026-07-28T12:22:56.551000+00:00,14.503,warning,Interval exceeds the 5× normal-interval threshold of 10.030 seconds.
7232bc533c21ce408d45d473,d88b15dd-1915-43ca-90ef-69f31ff4d9c1,large_gap,2026-07-28T12:23:09.536000+00:00,12.985,warning,Interval exceeds the 5× normal-interval threshold of 10.030 seconds.
7232bc533c21ce408d45d473,d88b15dd-1915-43ca-90ef-69f31ff4d9c1,large_gap,2026-07-28T12:23:21.422000+00:00,11.886,warning,Interval exceeds the 5× normal-interval threshold of 10.030 seconds.
7232bc533c21ce408d45d473,d88b15dd-1915-43ca-90ef-69f31ff4d9c1,large_gap,2026-07-28T12:23:33.575000+00:00,12.153,warning,Interval exceeds the 5× normal-interval threshold of 10.030 seconds.
7232bc533c21ce408d45d473,d88b15dd-1915-43ca-90ef-69f31ff4d9c1,large_gap,2026-07-28T12:23:45.490000+00:00,11.915,warning,Interval exceeds the 5× normal-interval threshold of 10.030 seconds.
7232bc533c21ce408d45d473,d88b15dd-1915-43ca-90ef-69f31ff4d9c1,large_gap,2026-07-28T12:23:57.428000+00:00,11.938,warning,Interval exceeds the 5× normal-interval threshold of 10.030 seconds.
7232bc533c21ce408d45d473,d88b15dd-1915-43ca-90ef-69f31ff4d9c1,large_gap,2026-07-28T12:24:09.269000+00:00,11.841,warning,Interval exceeds the 5× normal-interval threshold of 10.030 seconds.
7232bc533c21ce408d45d473,d88b15dd-1915-43ca-90ef-69f31ff4d9c1,large_gap,2026-07-28T12:24:21.482000+00:00,12.213,warning,Interval exceeds the 5× normal-interval threshold of 10.030 seconds.
7232bc533c21ce408d45d473,d88b15dd-1915-43ca-90ef-69f31ff4d9c1,large_gap,2026-07-28T12:24:33.576000+00:00,12.094,warning,Interval exceeds the 5× normal-interval threshold of 10.030 seconds.
7232bc533c21ce408d45d473,d88b15dd-1915-43ca-90ef-69f31ff4d9c1,large_gap,2026-07-28T12:24:45.271000+00:00,11.695,warning,Interval exceeds the 5× normal-interval threshold of 10.030 seconds.
7232bc533c21ce408d45d473,d88b15dd-1915-43ca-90ef-69f31ff4d9c1,large_gap,2026-07-28T12:24:57.209000+00:00,11.938,warning,Interval exceeds the 5× normal-interval threshold of 10.030 seconds.
7232bc533c21ce408d45d473,d88b15dd-1915-43ca-90ef-69f31ff4d9c1,large_gap,2026-07-28T12:25:08.397000+00:00,11.188,warning,Interval exceeds the 5× normal-interval threshold of 10.030 seconds.
7232bc533c21ce408d45d473,d88b15dd-1915-43ca-90ef-69f31ff4d9c1,large_gap,2026-07-28T12:51:35.293000+00:00,1092.796,warning,Interval exceeds the 5× normal-interval threshold of 10.030 seconds.
7232bc533c21ce408d45d473,d88b15dd-1915-43ca-90ef-69f31ff4d9c1,large_gap,2026-07-28T12:51:47.312000+00:00,10.062,warning,Interval exceeds the 5× normal-interval threshold of 10.030 seconds.
7232bc533c21ce408d45d473,d88b15dd-1915-43ca-90ef-69f31ff4d9c1,large_gap,2026-07-28T12:51:57.943000+00:00,10.631,warning,Interval exceeds the 5× normal-interval threshold of 10.030 seconds.
7232bc533c21ce408d45d473,d88b15dd-1915-43ca-90ef-69f31ff4d9c1,large_gap,2026-07-28T12:52:09.376000+00:00,11.433,warning,Interval exceeds the 5× normal-interval threshold of 10.030 seconds.
7232bc533c21ce408d45d473,d88b15dd-1915-43ca-90ef-69f31ff4d9c1,large_gap,2026-07-28T12:52:19.515000+00:00,10.139,warning,Interval exceeds the 5× normal-interval threshold of 10.030 seconds.
7232bc533c21ce408d45d473,d88b15dd-1915-43ca-90ef-69f31ff4d9c1,large_gap,2026-07-28T12:52:31.309000+00:00,10.151,warning,Interval exceeds the 5× normal-interval threshold of 10.030 seconds.
7232bc533c21ce408d45d473,d88b15dd-1915-43ca-90ef-69f31ff4d9c1,large_gap,2026-07-28T12:52:51.416000+00:00,10.173,warning,Interval exceeds the 5× normal-interval threshold of 10.030 seconds.
7232bc533c21ce408d45d473,d88b15dd-1915-43ca-90ef-69f31ff4d9c1,large_gap,2026-07-28T12:53:03.564000+00:00,10.398,warning,Interval exceeds the 5× normal-interval threshold of 10.030 seconds.
7232bc533c21ce408d45d473,d88b15dd-1915-43ca-90ef-69f31ff4d9c1,large_gap,2026-07-28T12:53:15.346000+00:00,10.135,warning,Interval exceeds the 5× normal-interval threshold of 10.030 seconds.
7232bc533c21ce408d45d473,d88b15dd-1915-43ca-90ef-69f31ff4d9c1,large_gap,2026-07-28T12:53:35.436000+00:00,10.363,warning,Interval exceeds the 5× normal-interval threshold of 10.030 seconds.
7232bc533c21ce408d45d473,d88b15dd-1915-43ca-90ef-69f31ff4d9c1,large_gap,2026-07-28T13:01:07.489000+00:00,10.208,warning,Interval exceeds the 5× normal-interval threshold of 10.030 seconds.
7232bc533c21ce408d45d473,d88b15dd-1915-43ca-90ef-69f31ff4d9c1,large_gap,2026-07-28T13:01:19.624000+00:00,10.411,warning,Interval exceeds the 5× normal-interval threshold of 10.030 seconds.
7232bc533c21ce408d45d473,d88b15dd-1915-43ca-90ef-69f31ff4d9c1,large_gap,2026-07-28T13:01:53.426000+00:00,10.248,warning,Interval exceeds the 5× normal-interval threshold of 10.030 seconds.
7232bc533c21ce408d45d473,d88b15dd-1915-43ca-90ef-69f31ff4d9c1,large_gap,2026-07-28T13:02:03.528000+00:00,10.102,warning,Interval exceeds the 5× normal-interval threshold of 10.030 seconds.
7232bc533c21ce408d45d473,d88b15dd-1915-43ca-90ef-69f31ff4d9c1,large_gap,2026-07-28T13:02:15.229000+00:00,10.055,warning,Interval exceeds the 5× normal-interval threshold of 10.030 seconds.
7232bc533c21ce408d45d473,d88b15dd-1915-43ca-90ef-69f31ff4d9c1,large_gap,2026-07-28T13:02:27.393000+00:00,10.181,warning,Interval exceeds the 5× normal-interval threshold of 10.030 seconds.
7232bc533c21ce408d45d473,d88b15dd-1915-43ca-90ef-69f31ff4d9c1,large_gap,2026-07-28T13:03:01.419000+00:00,10.309,warning,Interval exceeds the 5× normal-interval threshold of 10.030 seconds.
7232bc533c21ce408d45d473,d88b15dd-1915-43ca-90ef-69f31ff4d9c1,large_gap,2026-07-28T13:03:21.457000+00:00,10.506,warning,Interval exceeds the 5× normal-interval threshold of 10.030 seconds.
7232bc533c21ce408d45d473,ec61755d-b5be-42ac-875d-3123e92add7a,large_gap,2026-07-28T15:17:48.093000+00:00,10.182,warning,Interval exceeds the 5× normal-interval threshold of 10.030 seconds.
7232bc533c21ce408d45d473,ec61755d-b5be-42ac-875d-3123e92add7a,large_gap,2026-07-28T15:18:01.387000+00:00,10.427,warning,Interval exceeds the 5× normal-interval threshold of 10.030 seconds.
7232bc533c21ce408d45d473,ec61755d-b5be-42ac-875d-3123e92add7a,large_gap,2026-07-28T15:20:56.833000+00:00,10.111,warning,Interval exceeds the 5× normal-interval threshold of 10.030 seconds.
7232bc533c21ce408d45d473,ec61755d-b5be-42ac-875d-3123e92add7a,large_gap,2026-07-28T15:21:38.122000+00:00,10.365,warning,Interval exceeds the 5× normal-interval threshold of 10.030 seconds.
7232bc533c21ce408d45d473,ec61755d-b5be-42ac-875d-3123e92add7a,large_gap,2026-07-28T15:21:49.070000+00:00,10.948,warning,Interval exceeds the 5× normal-interval threshold of 10.030 seconds.
7232bc533c21ce408d45d473,ec61755d-b5be-42ac-875d-3123e92add7a,large_gap,2026-07-28T15:22:01.014000+00:00,10.089,warning,Interval exceeds the 5× normal-interval threshold of 10.030 seconds.
7232bc533c21ce408d45d473,ec61755d-b5be-42ac-875d-3123e92add7a,large_gap,2026-07-28T15:23:10.827000+00:00,10.072,warning,Interval exceeds the 5× normal-interval threshold of 10.030 seconds.
7232bc533c21ce408d45d473,ec61755d-b5be-42ac-875d-3123e92add7a,large_gap,2026-07-28T15:25:18.800000+00:00,12.338,warning,Interval exceeds the 5× normal-interval threshold of 10.030 seconds.
7232bc533c21ce408d45d473,ec61755d-b5be-42ac-875d-3123e92add7a,large_gap,2026-07-28T15:25:31.653000+00:00,12.853,warning,Interval exceeds the 5× normal-interval threshold of 10.030 seconds.
7232bc533c21ce408d45d473,ec61755d-b5be-42ac-875d-3123e92add7a,large_gap,2026-07-28T15:25:43.065000+00:00,11.412,warning,Interval exceeds the 5× normal-interval threshold of 10.030 seconds.
7232bc533c21ce408d45d473,ec61755d-b5be-42ac-875d-3123e92add7a,large_gap,2026-07-28T15:25:55.207000+00:00,12.142,warning,Interval exceeds the 5× normal-interval threshold of 10.030 seconds.
7232bc533c21ce408d45d473,ec61755d-b5be-42ac-875d-3123e92add7a,large_gap,2026-07-28T15:26:07.151000+00:00,11.944,warning,Interval exceeds the 5× normal-interval threshold of 10.030 seconds.
7232bc533c21ce408d45d473,ec61755d-b5be-42ac-875d-3123e92add7a,large_gap,2026-07-28T15:26:20.885000+00:00,13.734,warning,Interval exceeds the 5× normal-interval threshold of 10.030 seconds.
7232bc533c21ce408d45d473,ec61755d-b5be-42ac-875d-3123e92add7a,large_gap,2026-07-28T15:26:33.292000+00:00,12.407,warning,Interval exceeds the 5× normal-interval threshold of 10.030 seconds.
7232bc533c21ce408d45d473,ec61755d-b5be-42ac-875d-3123e92add7a,large_gap,2026-07-28T15:26:45.041000+00:00,11.749,warning,Interval exceeds the 5× normal-interval threshold of 10.030 seconds.
7232bc533c21ce408d45d473,ec61755d-b5be-42ac-875d-3123e92add7a,large_gap,2026-07-28T15:26:56.811000+00:00,11.77,warning,Interval exceeds the 5× normal-interval threshold of 10.030 seconds.
7232bc533c21ce408d45d473,ec61755d-b5be-42ac-875d-3123e92add7a,large_gap,2026-07-28T15:27:09.099000+00:00,12.288,warning,Interval exceeds the 5× normal-interval threshold of 10.030 seconds.
7232bc533c21ce408d45d473,ec61755d-b5be-42ac-875d-3123e92add7a,large_gap,2026-07-28T15:27:20.781000+00:00,11.682,warning,Interval exceeds the 5× normal-interval threshold of 10.030 seconds.
7232bc533c21ce408d45d473,ec61755d-b5be-42ac-875d-3123e92add7a,large_gap,2026-07-28T15:27:32.096000+00:00,11.315,warning,Interval exceeds the 5× normal-interval threshold of 10.030 seconds.
7232bc533c21ce408d45d473,ec61755d-b5be-42ac-875d-3123e92add7a,large_gap,2026-07-28T15:27:43.062000+00:00,10.966,warning,Interval exceeds the 5× normal-interval threshold of 10.030 seconds.
7232bc533c21ce408d45d473,ec61755d-b5be-42ac-875d-3123e92add7a,large_gap,2026-07-28T15:31:25.333000+00:00,10.496,warning,Interval exceeds the 5× normal-interval threshold of 10.030 seconds.
7232bc533c21ce408d45d473,ec61755d-b5be-42ac-875d-3123e92add7a,large_gap,2026-07-28T15:31:35.473000+00:00,10.14,warning,Interval exceeds the 5× normal-interval threshold of 10.030 seconds.
7232bc533c21ce408d45d473,ec61755d-b5be-42ac-875d-3123e92add7a,large_gap,2026-07-28T15:31:45.647000+00:00,10.174,warning,Interval exceeds the 5× normal-interval threshold of 10.030 seconds.
7232bc533c21ce408d45d473,ec61755d-b5be-42ac-875d-3123e92add7a,large_gap,2026-07-28T15:32:16.851000+00:00,10.565,warning,Interval exceeds the 5× normal-interval threshold of 10.030 seconds.
7232bc533c21ce408d45d473,ec61755d-b5be-42ac-875d-3123e92add7a,large_gap,2026-07-28T15:32:38.171000+00:00,10.16,warning,Interval exceeds the 5× normal-interval threshold of 10.030 seconds.
7232bc533c21ce408d45d473,ec61755d-b5be-42ac-875d-3123e92add7a,large_gap,2026-07-28T15:36:41.786000+00:00,13.189,warning,Interval exceeds the 5× normal-interval threshold of 10.030 seconds.
7232bc533c21ce408d45d473,ec61755d-b5be-42ac-875d-3123e92add7a,large_gap,2026-07-28T15:36:55.571000+00:00,13.785,warning,Interval exceeds the 5× normal-interval threshold of 10.030 seconds.
7232bc533c21ce408d45d473,ec61755d-b5be-42ac-875d-3123e92add7a,large_gap,2026-07-28T15:37:07.180000+00:00,11.609,warning,Interval exceeds the 5× normal-interval threshold of 10.030 seconds.
7232bc533c21ce408d45d473,ec61755d-b5be-42ac-875d-3123e92add7a,large_gap,2026-07-28T15:37:19.222000+00:00,12.042,warning,Interval exceeds the 5× normal-interval threshold of 10.030 seconds.
7232bc533c21ce408d45d473,ec61755d-b5be-42ac-875d-3123e92add7a,large_gap,2026-07-28T15:37:31.092000+00:00,11.87,warning,Interval exceeds the 5× normal-interval threshold of 10.030 seconds.
7232bc533c21ce408d45d473,ec61755d-b5be-42ac-875d-3123e92add7a,large_gap,2026-07-28T15:37:43.388000+00:00,12.296,warning,Interval exceeds the 5× normal-interval threshold of 10.030 seconds.
7232bc533c21ce408d45d473,ec61755d-b5be-42ac-875d-3123e92add7a,large_gap,2026-07-28T15:37:55.258000+00:00,11.87,warning,Interval exceeds the 5× normal-interval threshold of 10.030 seconds.
7232bc533c21ce408d45d473,ec61755d-b5be-42ac-875d-3123e92add7a,large_gap,2026-07-28T15:38:07.219000+00:00,11.961,warning,Interval exceeds the 5× normal-interval threshold of 10.030 seconds.
7232bc533c21ce408d45d473,ec61755d-b5be-42ac-875d-3123e92add7a,large_gap,2026-07-28T15:38:20.462000+00:00,13.243,warning,Interval exceeds the 5× normal-interval threshold of 10.030 seconds.
7232bc533c21ce408d45d473,ec61755d-b5be-42ac-875d-3123e92add7a,large_gap,2026-07-28T15:38:33.383000+00:00,12.921,warning,Interval exceeds the 5× normal-interval threshold of 10.030 seconds.
7232bc533c21ce408d45d473,ec61755d-b5be-42ac-875d-3123e92add7a,large_gap,2026-07-28T15:38:45.062000+00:00,11.679,warning,Interval exceeds the 5× normal-interval threshold of 10.030 seconds.
7232bc533c21ce408d45d473,ec61755d-b5be-42ac-875d-3123e92add7a,large_gap,2026-07-28T15:38:57.025000+00:00,11.963,warning,Interval exceeds the 5× normal-interval threshold of 10.030 seconds.
7232bc533c21ce408d45d473,ec61755d-b5be-42ac-875d-3123e92add7a,large_gap,2026-07-28T15:39:09.715000+00:00,12.69,warning,Interval exceeds the 5× normal-interval threshold of 10.030 seconds.
7232bc533c21ce408d45d473,ec61755d-b5be-42ac-875d-3123e92add7a,large_gap,2026-07-28T15:39:23.721000+00:00,14.006,warning,Interval exceeds the 5× normal-interval threshold of 10.030 seconds.
7232bc533c21ce408d45d473,ec61755d-b5be-42ac-875d-3123e92add7a,large_gap,2026-07-28T15:47:54.687000+00:00,10.262,warning,Interval exceeds the 5× normal-interval threshold of 10.030 seconds.
7232bc533c21ce408d45d473,ec61755d-b5be-42ac-875d-3123e92add7a,large_gap,2026-07-28T15:54:35.347000+00:00,12.347,warning,Interval exceeds the 5× normal-interval threshold of 10.030 seconds.
7232bc533c21ce408d45d473,ec61755d-b5be-42ac-875d-3123e92add7a,large_gap,2026-07-28T15:54:47.859000+00:00,12.512,warning,Interval exceeds the 5× normal-interval threshold of 10.030 seconds.
7232bc533c21ce408d45d473,ec61755d-b5be-42ac-875d-3123e92add7a,large_gap,2026-07-28T15:55:01.657000+00:00,13.798,warning,Interval exceeds the 5× normal-interval threshold of 10.030 seconds.
7232bc533c21ce408d45d473,ec61755d-b5be-42ac-875d-3123e92add7a,large_gap,2026-07-28T15:55:15.046000+00:00,13.389,warning,Interval exceeds the 5× normal-interval threshold of 10.030 seconds.
7232bc533c21ce408d45d473,ec61755d-b5be-42ac-875d-3123e92add7a,large_gap,2026-07-28T15:55:27.540000+00:00,12.494,warning,Interval exceeds the 5× normal-interval threshold of 10.030 seconds.
7232bc533c21ce408d45d473,ec61755d-b5be-42ac-875d-3123e92add7a,large_gap,2026-07-28T15:55:40.546000+00:00,13.006,warning,Interval exceeds the 5× normal-interval threshold of 10.030 seconds.
7232bc533c21ce408d45d473,ec61755d-b5be-42ac-875d-3123e92add7a,large_gap,2026-07-28T15:55:53.260000+00:00,12.714,warning,Interval exceeds the 5× normal-interval threshold of 10.030 seconds.
7232bc533c21ce408d45d473,ec61755d-b5be-42ac-875d-3123e92add7a,large_gap,2026-07-28T15:56:05.108000+00:00,11.848,warning,Interval exceeds the 5× normal-interval threshold of 10.030 seconds.
7232bc533c21ce408d45d473,ec61755d-b5be-42ac-875d-3123e92add7a,large_gap,2026-07-28T15:56:17.041000+00:00,11.933,warning,Interval exceeds the 5× normal-interval threshold of 10.030 seconds.
7232bc533c21ce408d45d473,ec61755d-b5be-42ac-875d-3123e92add7a,large_gap,2026-07-28T15:56:29.380000+00:00,12.339,warning,Interval exceeds the 5× normal-interval threshold of 10.030 seconds.
7232bc533c21ce408d45d473,ec61755d-b5be-42ac-875d-3123e92add7a,large_gap,2026-07-28T15:56:41.138000+00:00,11.758,warning,Interval exceeds the 5× normal-interval threshold of 10.030 seconds.
7232bc533c21ce408d45d473,ec61755d-b5be-42ac-875d-3123e92add7a,large_gap,2026-07-28T15:56:53.124000+00:00,11.986,warning,Interval exceeds the 5× normal-interval threshold of 10.030 seconds.
7232bc533c21ce408d45d473,ec61755d-b5be-42ac-875d-3123e92add7a,large_gap,2026-07-28T15:57:04.947000+00:00,11.823,warning,Interval exceeds the 5× normal-interval threshold of 10.030 seconds.
7232bc533c21ce408d45d473,ec61755d-b5be-42ac-875d-3123e92add7a,large_gap,2026-07-28T15:57:16.997000+00:00,12.05,warning,Interval exceeds the 5× normal-interval threshold of 10.030 seconds.
7232bc533c21ce408d45d473,ec61755d-b5be-42ac-875d-3123e92add7a,large_gap,2026-07-28T15:57:29.135000+00:00,12.138,warning,Interval exceeds the 5× normal-interval threshold of 10.030 seconds.
7232bc533c21ce408d45d473,ec61755d-b5be-42ac-875d-3123e92add7a,large_gap,2026-07-28T15:57:41.158000+00:00,12.023,warning,Interval exceeds the 5× normal-interval threshold of 10.030 seconds.
7232bc533c21ce408d45d473,ec61755d-b5be-42ac-875d-3123e92add7a,large_gap,2026-07-28T15:57:53.370000+00:00,12.212,warning,Interval exceeds the 5× normal-interval threshold of 10.030 seconds.
7232bc533c21ce408d45d473,ec61755d-b5be-42ac-875d-3123e92add7a,large_gap,2026-07-28T15:58:05.049000+00:00,11.679,warning,Interval exceeds the 5× normal-interval threshold of 10.030 seconds.
7232bc533c21ce408d45d473,ec61755d-b5be-42ac-875d-3123e92add7a,large_gap,2026-07-28T15:58:17.049000+00:00,12.0,warning,Interval exceeds the 5× normal-interval threshold of 10.030 seconds.
7232bc533c21ce408d45d473,ec61755d-b5be-42ac-875d-3123e92add7a,large_gap,2026-07-28T15:58:30.310000+00:00,13.261,warning,Interval exceeds the 5× normal-interval threshold of 10.030 seconds.
7232bc533c21ce408d45d473,ec61755d-b5be-42ac-875d-3123e92add7a,large_gap,2026-07-28T15:58:43.669000+00:00,13.359,warning,Interval exceeds the 5× normal-interval threshold of 10.030 seconds.
7232bc533c21ce408d45d473,ec61755d-b5be-42ac-875d-3123e92add7a,large_gap,2026-07-28T15:58:57.535000+00:00,13.866,warning,Interval exceeds the 5× normal-interval threshold of 10.030 seconds.
7232bc533c21ce408d45d473,ec61755d-b5be-42ac-875d-3123e92add7a,large_gap,2026-07-28T15:59:09.091000+00:00,11.556,warning,Interval exceeds the 5× normal-interval threshold of 10.030 seconds.
7232bc533c21ce408d45d473,ec61755d-b5be-42ac-875d-3123e92add7a,large_gap,2026-07-28T15:59:21.959000+00:00,12.868,warning,Interval exceeds the 5× normal-interval threshold of 10.030 seconds.
7232bc533c21ce408d45d473,ec61755d-b5be-42ac-875d-3123e92add7a,large_gap,2026-07-28T15:59:35.534000+00:00,13.575,warning,Interval exceeds the 5× normal-interval threshold of 10.030 seconds.
7232bc533c21ce408d45d473,ec61755d-b5be-42ac-875d-3123e92add7a,large_gap,2026-07-28T15:59:47.256000+00:00,11.722,warning,Interval exceeds the 5× normal-interval threshold of 10.030 seconds.
7232bc533c21ce408d45d473,ec61755d-b5be-42ac-875d-3123e92add7a,large_gap,2026-07-28T15:59:59.083000+00:00,11.827,warning,Interval exceeds the 5× normal-interval threshold of 10.030 seconds.
7232bc533c21ce408d45d473,ec61755d-b5be-42ac-875d-3123e92add7a,large_gap,2026-07-28T16:00:12.291000+00:00,13.208,warning,Interval exceeds the 5× normal-interval threshold of 10.030 seconds.
7232bc533c21ce408d45d473,ec61755d-b5be-42ac-875d-3123e92add7a,large_gap,2026-07-28T16:00:22.919000+00:00,10.628,warning,Interval exceeds the 5× normal-interval threshold of 10.030 seconds.
7232bc533c21ce408d45d473,ec61755d-b5be-42ac-875d-3123e92add7a,large_gap,2026-07-28T16:04:02.719000+00:00,10.247,warning,Interval exceeds the 5× normal-interval threshold of 10.030 seconds.
7232bc533c21ce408d45d473,ec61755d-b5be-42ac-875d-3123e92add7a,large_gap,2026-07-28T16:16:51.077000+00:00,12.608,warning,Interval exceeds the 5× normal-interval threshold of 10.030 seconds.
7232bc533c21ce408d45d473,ec61755d-b5be-42ac-875d-3123e92add7a,large_gap,2026-07-28T16:17:03.337000+00:00,12.26,warning,Interval exceeds the 5× normal-interval threshold of 10.030 seconds.
7232bc533c21ce408d45d473,ec61755d-b5be-42ac-875d-3123e92add7a,large_gap,2026-07-28T16:17:14.896000+00:00,11.559,warning,Interval exceeds the 5× normal-interval threshold of 10.030 seconds.
7232bc533c21ce408d45d473,ec61755d-b5be-42ac-875d-3123e92add7a,large_gap,2026-07-28T16:17:26.956000+00:00,12.06,warning,Interval exceeds the 5× normal-interval threshold of 10.030 seconds.
7232bc533c21ce408d45d473,ec61755d-b5be-42ac-875d-3123e92add7a,large_gap,2026-07-28T16:17:39.174000+00:00,12.218,warning,Interval exceeds the 5× normal-interval threshold of 10.030 seconds.
7232bc533c21ce408d45d473,ec61755d-b5be-42ac-875d-3123e92add7a,large_gap,2026-07-28T16:17:51.597000+00:00,12.423,warning,Interval exceeds the 5× normal-interval threshold of 10.030 seconds.
7232bc533c21ce408d45d473,ec61755d-b5be-42ac-875d-3123e92add7a,large_gap,2026-07-28T16:18:03.431000+00:00,11.834,warning,Interval exceeds the 5× normal-interval threshold of 10.030 seconds.
7232bc533c21ce408d45d473,ec61755d-b5be-42ac-875d-3123e92add7a,large_gap,2026-07-28T16:18:14.937000+00:00,11.506,warning,Interval exceeds the 5× normal-interval threshold of 10.030 seconds.
7232bc533c21ce408d45d473,ec61755d-b5be-42ac-875d-3123e92add7a,large_gap,2026-07-28T16:18:27.097000+00:00,12.16,warning,Interval exceeds the 5× normal-interval threshold of 10.030 seconds.
7232bc533c21ce408d45d473,ec61755d-b5be-42ac-875d-3123e92add7a,large_gap,2026-07-28T16:18:39.201000+00:00,12.104,warning,Interval exceeds the 5× normal-interval threshold of 10.030 seconds.
7232bc533c21ce408d45d473,ec61755d-b5be-42ac-875d-3123e92add7a,large_gap,2026-07-28T16:18:51.036000+00:00,11.835,warning,Interval exceeds the 5× normal-interval threshold of 10.030 seconds.
7232bc533c21ce408d45d473,ec61755d-b5be-42ac-875d-3123e92add7a,large_gap,2026-07-28T16:19:04.171000+00:00,13.135,warning,Interval exceeds the 5× normal-interval threshold of 10.030 seconds.
7232bc533c21ce408d45d473,ec61755d-b5be-42ac-875d-3123e92add7a,large_gap,2026-07-28T16:19:17.115000+00:00,12.944,warning,Interval exceeds the 5× normal-interval threshold of 10.030 seconds.
7232bc533c21ce408d45d473,ec61755d-b5be-42ac-875d-3123e92add7a,large_gap,2026-07-28T16:19:28.758000+00:00,11.643,warning,Interval exceeds the 5× normal-interval threshold of 10.030 seconds.
7232bc533c21ce408d45d473,ec61755d-b5be-42ac-875d-3123e92add7a,large_gap,2026-07-28T16:19:41.442000+00:00,12.684,warning,Interval exceeds the 5× normal-interval threshold of 10.030 seconds.
7232bc533c21ce408d45d473,ec61755d-b5be-42ac-875d-3123e92add7a,large_gap,2026-07-28T16:19:53.125000+00:00,11.683,warning,Interval exceeds the 5× normal-interval threshold of 10.030 seconds.
7232bc533c21ce408d45d473,ec61755d-b5be-42ac-875d-3123e92add7a,large_gap,2026-07-28T16:20:04.729000+00:00,11.604,warning,Interval exceeds the 5× normal-interval threshold of 10.030 seconds.
7232bc533c21ce408d45d473,ec61755d-b5be-42ac-875d-3123e92add7a,large_gap,2026-07-28T16:20:16.878000+00:00,12.149,warning,Interval exceeds the 5× normal-interval threshold of 10.030 seconds.
7232bc533c21ce408d45d473,ec61755d-b5be-42ac-875d-3123e92add7a,large_gap,2026-07-28T16:20:28.964000+00:00,12.086,warning,Interval exceeds the 5× normal-interval threshold of 10.030 seconds.
7232bc533c21ce408d45d473,ec61755d-b5be-42ac-875d-3123e92add7a,large_gap,2026-07-28T16:20:41.520000+00:00,12.556,warning,Interval exceeds the 5× normal-interval threshold of 10.030 seconds.
7232bc533c21ce408d45d473,ec61755d-b5be-42ac-875d-3123e92add7a,large_gap,2026-07-28T16:20:55.284000+00:00,13.764,warning,Interval exceeds the 5× normal-interval threshold of 10.030 seconds.
7232bc533c21ce408d45d473,ec61755d-b5be-42ac-875d-3123e92add7a,large_gap,2026-07-28T16:21:08.613000+00:00,13.329,warning,Interval exceeds the 5× normal-interval threshold of 10.030 seconds.
7232bc533c21ce408d45d473,ec61755d-b5be-42ac-875d-3123e92add7a,large_gap,2026-07-28T16:21:21.714000+00:00,13.101,warning,Interval exceeds the 5× normal-interval threshold of 10.030 seconds.
7232bc533c21ce408d45d473,ec61755d-b5be-42ac-875d-3123e92add7a,large_gap,2026-07-28T16:21:35.158000+00:00,13.444,warning,Interval exceeds the 5× normal-interval threshold of 10.030 seconds.
7232bc533c21ce408d45d473,ec61755d-b5be-42ac-875d-3123e92add7a,large_gap,2026-07-28T16:31:33.380000+00:00,13.693,warning,Interval exceeds the 5× normal-interval threshold of 10.030 seconds.
7232bc533c21ce408d45d473,ec61755d-b5be-42ac-875d-3123e92add7a,large_gap,2026-07-28T16:31:45.027000+00:00,11.647,warning,Interval exceeds the 5× normal-interval threshold of 10.030 seconds.
7232bc533c21ce408d45d473,ec61755d-b5be-42ac-875d-3123e92add7a,large_gap,2026-07-28T16:31:58.456000+00:00,13.429,warning,Interval exceeds the 5× normal-interval threshold of 10.030 seconds.
7232bc533c21ce408d45d473,ec61755d-b5be-42ac-875d-3123e92add7a,large_gap,2026-07-28T16:32:11.065000+00:00,12.609,warning,Interval exceeds the 5× normal-interval threshold of 10.030 seconds.
7232bc533c21ce408d45d473,ec61755d-b5be-42ac-875d-3123e92add7a,large_gap,2026-07-28T16:32:23.376000+00:00,12.311,warning,Interval exceeds the 5× normal-interval threshold of 10.030 seconds.
7232bc533c21ce408d45d473,ec61755d-b5be-42ac-875d-3123e92add7a,large_gap,2026-07-28T16:32:35.021000+00:00,11.645,warning,Interval exceeds the 5× normal-interval threshold of 10.030 seconds.
7232bc533c21ce408d45d473,ec61755d-b5be-42ac-875d-3123e92add7a,large_gap,2026-07-28T16:32:47.079000+00:00,12.058,warning,Interval exceeds the 5× normal-interval threshold of 10.030 seconds.
7232bc533c21ce408d45d473,ec61755d-b5be-42ac-875d-3123e92add7a,large_gap,2026-07-28T16:32:58.950000+00:00,11.871,warning,Interval exceeds the 5× normal-interval threshold of 10.030 seconds.
7232bc533c21ce408d45d473,ec61755d-b5be-42ac-875d-3123e92add7a,large_gap,2026-07-28T16:33:10.778000+00:00,11.828,warning,Interval exceeds the 5× normal-interval threshold of 10.030 seconds.
7232bc533c21ce408d45d473,ec61755d-b5be-42ac-875d-3123e92add7a,large_gap,2026-07-28T16:33:22.767000+00:00,11.989,warning,Interval exceeds the 5× normal-interval threshold of 10.030 seconds.
7232bc533c21ce408d45d473,ec61755d-b5be-42ac-875d-3123e92add7a,large_gap,2026-07-28T16:33:35.291000+00:00,12.524,warning,Interval exceeds the 5× normal-interval threshold of 10.030 seconds.
7232bc533c21ce408d45d473,ec61755d-b5be-42ac-875d-3123e92add7a,large_gap,2026-07-28T16:33:47.554000+00:00,12.263,warning,Interval exceeds the 5× normal-interval threshold of 10.030 seconds.
7232bc533c21ce408d45d473,ec61755d-b5be-42ac-875d-3123e92add7a,large_gap,2026-07-28T16:33:59.262000+00:00,11.708,warning,Interval exceeds the 5× normal-interval threshold of 10.030 seconds.
7232bc533c21ce408d45d473,ec61755d-b5be-42ac-875d-3123e92add7a,large_gap,2026-07-28T16:34:11.110000+00:00,11.848,warning,Interval exceeds the 5× normal-interval threshold of 10.030 seconds.
7232bc533c21ce408d45d473,ec61755d-b5be-42ac-875d-3123e92add7a,large_gap,2026-07-28T16:34:24.717000+00:00,13.607,warning,Interval exceeds the 5× normal-interval threshold of 10.030 seconds.
7232bc533c21ce408d45d473,ec61755d-b5be-42ac-875d-3123e92add7a,large_gap,2026-07-28T16:34:37.253000+00:00,12.536,warning,Interval exceeds the 5× normal-interval threshold of 10.030 seconds.
7232bc533c21ce408d45d473,ec61755d-b5be-42ac-875d-3123e92add7a,large_gap,2026-07-28T16:34:49.054000+00:00,11.801,warning,Interval exceeds the 5× normal-interval threshold of 10.030 seconds.
7232bc533c21ce408d45d473,ec61755d-b5be-42ac-875d-3123e92add7a,large_gap,2026-07-28T16:35:01.317000+00:00,12.263,warning,Interval exceeds the 5× normal-interval threshold of 10.030 seconds.
7232bc533c21ce408d45d473,ec61755d-b5be-42ac-875d-3123e92add7a,large_gap,2026-07-28T16:35:13.030000+00:00,11.713,warning,Interval exceeds the 5× normal-interval threshold of 10.030 seconds.
7232bc533c21ce408d45d473,ec61755d-b5be-42ac-875d-3123e92add7a,large_gap,2026-07-28T16:35:25.579000+00:00,12.549,warning,Interval exceeds the 5× normal-interval threshold of 10.030 seconds.
7232bc533c21ce408d45d473,ec61755d-b5be-42ac-875d-3123e92add7a,large_gap,2026-07-28T16:35:37.736000+00:00,12.157,warning,Interval exceeds the 5× normal-interval threshold of 10.030 seconds.
7232bc533c21ce408d45d473,ec61755d-b5be-42ac-875d-3123e92add7a,large_gap,2026-07-28T16:35:51.591000+00:00,13.855,warning,Interval exceeds the 5× normal-interval threshold of 10.030 seconds.
7232bc533c21ce408d45d473,ec61755d-b5be-42ac-875d-3123e92add7a,large_gap,2026-07-28T16:36:03.904000+00:00,12.313,warning,Interval exceeds the 5× normal-interval threshold of 10.030 seconds.
7232bc533c21ce408d45d473,ec61755d-b5be-42ac-875d-3123e92add7a,large_gap,2026-07-28T16:36:17.774000+00:00,13.87,warning,Interval exceeds the 5× normal-interval threshold of 10.030 seconds.
7232bc533c21ce408d45d473,ec61755d-b5be-42ac-875d-3123e92add7a,large_gap,2026-07-28T16:37:58.661000+00:00,10.171,warning,Interval exceeds the 5× normal-interval threshold of 10.030 seconds.
7232bc533c21ce408d45d473,ec61755d-b5be-42ac-875d-3123e92add7a,large_gap,2026-07-28T16:41:17.089000+00:00,12.293,warning,Interval exceeds the 5× normal-interval threshold of 10.030 seconds.
7232bc533c21ce408d45d473,ec61755d-b5be-42ac-875d-3123e92add7a,large_gap,2026-07-28T16:41:29.819000+00:00,12.73,warning,Interval exceeds the 5× normal-interval threshold of 10.030 seconds.
7232bc533c21ce408d45d473,ec61755d-b5be-42ac-875d-3123e92add7a,large_gap,2026-07-28T16:41:43.158000+00:00,13.339,warning,Interval exceeds the 5× normal-interval threshold of 10.030 seconds.
7232bc533c21ce408d45d473,ec61755d-b5be-42ac-875d-3123e92add7a,large_gap,2026-07-28T16:41:56.556000+00:00,13.398,warning,Interval exceeds the 5× normal-interval threshold of 10.030 seconds.
7232bc533c21ce408d45d473,ec61755d-b5be-42ac-875d-3123e92add7a,large_gap,2026-07-28T16:42:09.456000+00:00,12.9,warning,Interval exceeds the 5× normal-interval threshold of 10.030 seconds.
7232bc533c21ce408d45d473,ec61755d-b5be-42ac-875d-3123e92add7a,large_gap,2026-07-28T16:42:21.484000+00:00,12.028,warning,Interval exceeds the 5× normal-interval threshold of 10.030 seconds.
7232bc533c21ce408d45d473,ec61755d-b5be-42ac-875d-3123e92add7a,large_gap,2026-07-28T16:42:33.399000+00:00,11.915,warning,Interval exceeds the 5× normal-interval threshold of 10.030 seconds.
7232bc533c21ce408d45d473,ec61755d-b5be-42ac-875d-3123e92add7a,large_gap,2026-07-28T16:42:45.085000+00:00,11.686,warning,Interval exceeds the 5× normal-interval threshold of 10.030 seconds.
7232bc533c21ce408d45d473,ec61755d-b5be-42ac-875d-3123e92add7a,large_gap,2026-07-28T16:42:56.968000+00:00,11.883,warning,Interval exceeds the 5× normal-interval threshold of 10.030 seconds.
7232bc533c21ce408d45d473,ec61755d-b5be-42ac-875d-3123e92add7a,large_gap,2026-07-28T16:43:08.958000+00:00,11.99,warning,Interval exceeds the 5× normal-interval threshold of 10.030 seconds.
7232bc533c21ce408d45d473,ec61755d-b5be-42ac-875d-3123e92add7a,large_gap,2026-07-28T16:43:21.084000+00:00,12.126,warning,Interval exceeds the 5× normal-interval threshold of 10.030 seconds.
7232bc533c21ce408d45d473,ec61755d-b5be-42ac-875d-3123e92add7a,large_gap,2026-07-28T16:43:33.195000+00:00,12.111,warning,Interval exceeds the 5× normal-interval threshold of 10.030 seconds.
7232bc533c21ce408d45d473,ec61755d-b5be-42ac-875d-3123e92add7a,large_gap,2026-07-28T16:43:45.254000+00:00,12.059,warning,Interval exceeds the 5× normal-interval threshold of 10.030 seconds.
7232bc533c21ce408d45d473,ec61755d-b5be-42ac-875d-3123e92add7a,large_gap,2026-07-28T16:43:57.202000+00:00,11.948,warning,Interval exceeds the 5× normal-interval threshold of 10.030 seconds.
7232bc533c21ce408d45d473,ec61755d-b5be-42ac-875d-3123e92add7a,large_gap,2026-07-28T16:44:09.759000+00:00,12.557,warning,Interval exceeds the 5× normal-interval threshold of 10.030 seconds.
7232bc533c21ce408d45d473,ec61755d-b5be-42ac-875d-3123e92add7a,large_gap,2026-07-28T16:44:23.094000+00:00,13.335,warning,Interval exceeds the 5× normal-interval threshold of 10.030 seconds.
7232bc533c21ce408d45d473,ec61755d-b5be-42ac-875d-3123e92add7a,large_gap,2026-07-28T16:44:36.572000+00:00,13.478,warning,Interval exceeds the 5× normal-interval threshold of 10.030 seconds.
7232bc533c21ce408d45d473,ec61755d-b5be-42ac-875d-3123e92add7a,large_gap,2026-07-28T16:44:50.126000+00:00,13.554,warning,Interval exceeds the 5× normal-interval threshold of 10.030 seconds.
7232bc533c21ce408d45d473,ec61755d-b5be-42ac-875d-3123e92add7a,large_gap,2026-07-28T16:45:03.897000+00:00,13.771,warning,Interval exceeds the 5× normal-interval threshold of 10.030 seconds.
7232bc533c21ce408d45d473,ec61755d-b5be-42ac-875d-3123e92add7a,large_gap,2026-07-28T16:45:18.069000+00:00,14.172,warning,Interval exceeds the 5× normal-interval threshold of 10.030 seconds.
7232bc533c21ce408d45d473,ec61755d-b5be-42ac-875d-3123e92add7a,large_gap,2026-07-28T16:45:32.641000+00:00,14.572,warning,Interval exceeds the 5× normal-interval threshold of 10.030 seconds.
7232bc533c21ce408d45d473,ec61755d-b5be-42ac-875d-3123e92add7a,large_gap,2026-07-28T16:45:46.157000+00:00,13.516,warning,Interval exceeds the 5× normal-interval threshold of 10.030 seconds.
7232bc533c21ce408d45d473,ec61755d-b5be-42ac-875d-3123e92add7a,large_gap,2026-07-28T16:45:59.091000+00:00,12.934,warning,Interval exceeds the 5× normal-interval threshold of 10.030 seconds.
7232bc533c21ce408d45d473,ec61755d-b5be-42ac-875d-3123e92add7a,large_gap,2026-07-28T16:52:16.528000+00:00,12.381,warning,Interval exceeds the 5× normal-interval threshold of 10.030 seconds.
7232bc533c21ce408d45d473,ec61755d-b5be-42ac-875d-3123e92add7a,large_gap,2026-07-28T16:52:30.266000+00:00,13.738,warning,Interval exceeds the 5× normal-interval threshold of 10.030 seconds.
7232bc533c21ce408d45d473,ec61755d-b5be-42ac-875d-3123e92add7a,large_gap,2026-07-28T16:52:42.784000+00:00,12.518,warning,Interval exceeds the 5× normal-interval threshold of 10.030 seconds.
7232bc533c21ce408d45d473,ec61755d-b5be-42ac-875d-3123e92add7a,large_gap,2026-07-28T16:52:56.360000+00:00,13.576,warning,Interval exceeds the 5× normal-interval threshold of 10.030 seconds.
7232bc533c21ce408d45d473,ec61755d-b5be-42ac-875d-3123e92add7a,large_gap,2026-07-28T16:53:09.017000+00:00,12.657,warning,Interval exceeds the 5× normal-interval threshold of 10.030 seconds.
7232bc533c21ce408d45d473,ec61755d-b5be-42ac-875d-3123e92add7a,large_gap,2026-07-28T16:53:20.961000+00:00,11.944,warning,Interval exceeds the 5× normal-interval threshold of 10.030 seconds.
7232bc533c21ce408d45d473,ec61755d-b5be-42ac-875d-3123e92add7a,large_gap,2026-07-28T16:53:32.886000+00:00,11.925,warning,Interval exceeds the 5× normal-interval threshold of 10.030 seconds.
7232bc533c21ce408d45d473,ec61755d-b5be-42ac-875d-3123e92add7a,large_gap,2026-07-28T16:53:45.126000+00:00,12.24,warning,Interval exceeds the 5× normal-interval threshold of 10.030 seconds.
7232bc533c21ce408d45d473,ec61755d-b5be-42ac-875d-3123e92add7a,large_gap,2026-07-28T16:53:57.856000+00:00,12.73,warning,Interval exceeds the 5× normal-interval threshold of 10.030 seconds.
7232bc533c21ce408d45d473,ec61755d-b5be-42ac-875d-3123e92add7a,large_gap,2026-07-28T16:54:11.030000+00:00,13.174,warning,Interval exceeds the 5× normal-interval threshold of 10.030 seconds.
7232bc533c21ce408d45d473,ec61755d-b5be-42ac-875d-3123e92add7a,large_gap,2026-07-28T16:54:23.075000+00:00,12.045,warning,Interval exceeds the 5× normal-interval threshold of 10.030 seconds.
7232bc533c21ce408d45d473,ec61755d-b5be-42ac-875d-3123e92add7a,large_gap,2026-07-28T16:54:35.059000+00:00,11.984,warning,Interval exceeds the 5× normal-interval threshold of 10.030 seconds.
7232bc533c21ce408d45d473,ec61755d-b5be-42ac-875d-3123e92add7a,large_gap,2026-07-28T16:54:47.073000+00:00,12.014,warning,Interval exceeds the 5× normal-interval threshold of 10.030 seconds.
7232bc533c21ce408d45d473,ec61755d-b5be-42ac-875d-3123e92add7a,large_gap,2026-07-28T16:54:59.026000+00:00,11.953,warning,Interval exceeds the 5× normal-interval threshold of 10.030 seconds.
7232bc533c21ce408d45d473,ec61755d-b5be-42ac-875d-3123e92add7a,large_gap,2026-07-28T16:55:10.896000+00:00,11.87,warning,Interval exceeds the 5× normal-interval threshold of 10.030 seconds.
7232bc533c21ce408d45d473,ec61755d-b5be-42ac-875d-3123e92add7a,large_gap,2026-07-28T16:55:23.363000+00:00,12.467,warning,Interval exceeds the 5× normal-interval threshold of 10.030 seconds.
7232bc533c21ce408d45d473,ec61755d-b5be-42ac-875d-3123e92add7a,large_gap,2026-07-28T16:55:34.838000+00:00,11.475,warning,Interval exceeds the 5× normal-interval threshold of 10.030 seconds.
7232bc533c21ce408d45d473,ec61755d-b5be-42ac-875d-3123e92add7a,large_gap,2026-07-28T16:55:47.267000+00:00,12.429,warning,Interval exceeds the 5× normal-interval threshold of 10.030 seconds.
7232bc533c21ce408d45d473,ec61755d-b5be-42ac-875d-3123e92add7a,large_gap,2026-07-28T16:55:59.164000+00:00,11.897,warning,Interval exceeds the 5× normal-interval threshold of 10.030 seconds.
7232bc533c21ce408d45d473,ec61755d-b5be-42ac-875d-3123e92add7a,large_gap,2026-07-28T16:56:11.988000+00:00,12.824,warning,Interval exceeds the 5× normal-interval threshold of 10.030 seconds.
7232bc533c21ce408d45d473,ec61755d-b5be-42ac-875d-3123e92add7a,large_gap,2026-07-28T16:56:26.451000+00:00,14.463,warning,Interval exceeds the 5× normal-interval threshold of 10.030 seconds.
7232bc533c21ce408d45d473,ec61755d-b5be-42ac-875d-3123e92add7a,large_gap,2026-07-28T16:56:42.217000+00:00,15.766,warning,Interval exceeds the 5× normal-interval threshold of 10.030 seconds.
7232bc533c21ce408d45d473,ec61755d-b5be-42ac-875d-3123e92add7a,large_gap,2026-07-28T16:56:56.059000+00:00,13.842,warning,Interval exceeds the 5× normal-interval threshold of 10.030 seconds.
7232bc533c21ce408d45d473,ec61755d-b5be-42ac-875d-3123e92add7a,large_gap,2026-07-28T16:57:07.086000+00:00,11.027,warning,Interval exceeds the 5× normal-interval threshold of 10.030 seconds.
7232bc533c21ce408d45d473,ec61755d-b5be-42ac-875d-3123e92add7a,large_gap,2026-07-28T16:57:18.610000+00:00,10.065,warning,Interval exceeds the 5× normal-interval threshold of 10.030 seconds.
7232bc533c21ce408d45d473,ec61755d-b5be-42ac-875d-3123e92add7a,large_gap,2026-07-28T17:01:46.129000+00:00,13.821,warning,Interval exceeds the 5× normal-interval threshold of 10.030 seconds.
7232bc533c21ce408d45d473,ec61755d-b5be-42ac-875d-3123e92add7a,large_gap,2026-07-28T17:02:00.121000+00:00,13.992,warning,Interval exceeds the 5× normal-interval threshold of 10.030 seconds.
7232bc533c21ce408d45d473,ec61755d-b5be-42ac-875d-3123e92add7a,large_gap,2026-07-28T17:02:13.347000+00:00,13.226,warning,Interval exceeds the 5× normal-interval threshold of 10.030 seconds.
7232bc533c21ce408d45d473,ec61755d-b5be-42ac-875d-3123e92add7a,large_gap,2026-07-28T17:02:25.251000+00:00,11.904,warning,Interval exceeds the 5× normal-interval threshold of 10.030 seconds.
7232bc533c21ce408d45d473,ec61755d-b5be-42ac-875d-3123e92add7a,large_gap,2026-07-28T17:02:37.252000+00:00,12.001,warning,Interval exceeds the 5× normal-interval threshold of 10.030 seconds.
7232bc533c21ce408d45d473,ec61755d-b5be-42ac-875d-3123e92add7a,large_gap,2026-07-28T17:02:49.272000+00:00,12.02,warning,Interval exceeds the 5× normal-interval threshold of 10.030 seconds.
7232bc533c21ce408d45d473,ec61755d-b5be-42ac-875d-3123e92add7a,large_gap,2026-07-28T17:03:01.544000+00:00,12.272,warning,Interval exceeds the 5× normal-interval threshold of 10.030 seconds.
7232bc533c21ce408d45d473,ec61755d-b5be-42ac-875d-3123e92add7a,large_gap,2026-07-28T17:03:13.452000+00:00,11.908,warning,Interval exceeds the 5× normal-interval threshold of 10.030 seconds.
7232bc533c21ce408d45d473,ec61755d-b5be-42ac-875d-3123e92add7a,large_gap,2026-07-28T17:03:24.931000+00:00,11.479,warning,Interval exceeds the 5× normal-interval threshold of 10.030 seconds.
7232bc533c21ce408d45d473,ec61755d-b5be-42ac-875d-3123e92add7a,large_gap,2026-07-28T17:03:36.827000+00:00,11.896,warning,Interval exceeds the 5× normal-interval threshold of 10.030 seconds.
7232bc533c21ce408d45d473,ec61755d-b5be-42ac-875d-3123e92add7a,large_gap,2026-07-28T17:03:48.975000+00:00,12.148,warning,Interval exceeds the 5× normal-interval threshold of 10.030 seconds.
7232bc533c21ce408d45d473,ec61755d-b5be-42ac-875d-3123e92add7a,large_gap,2026-07-28T17:04:00.875000+00:00,11.9,warning,Interval exceeds the 5× normal-interval threshold of 10.030 seconds.
7232bc533c21ce408d45d473,ec61755d-b5be-42ac-875d-3123e92add7a,large_gap,2026-07-28T17:04:13.600000+00:00,12.725,warning,Interval exceeds the 5× normal-interval threshold of 10.030 seconds.
7232bc533c21ce408d45d473,ec61755d-b5be-42ac-875d-3123e92add7a,large_gap,2026-07-28T17:04:24.941000+00:00,11.341,warning,Interval exceeds the 5× normal-interval threshold of 10.030 seconds.
7232bc533c21ce408d45d473,ec61755d-b5be-42ac-875d-3123e92add7a,large_gap,2026-07-28T17:04:37.342000+00:00,12.401,warning,Interval exceeds the 5× normal-interval threshold of 10.030 seconds.
7232bc533c21ce408d45d473,ec61755d-b5be-42ac-875d-3123e92add7a,large_gap,2026-07-28T17:04:49.009000+00:00,11.667,warning,Interval exceeds the 5× normal-interval threshold of 10.030 seconds.
7232bc533c21ce408d45d473,ec61755d-b5be-42ac-875d-3123e92add7a,large_gap,2026-07-28T17:05:01.028000+00:00,12.019,warning,Interval exceeds the 5× normal-interval threshold of 10.030 seconds.
7232bc533c21ce408d45d473,ec61755d-b5be-42ac-875d-3123e92add7a,large_gap,2026-07-28T17:05:12.914000+00:00,11.886,warning,Interval exceeds the 5× normal-interval threshold of 10.030 seconds.
7232bc533c21ce408d45d473,ec61755d-b5be-42ac-875d-3123e92add7a,large_gap,2026-07-28T17:05:25.439000+00:00,12.525,warning,Interval exceeds the 5× normal-interval threshold of 10.030 seconds.
7232bc533c21ce408d45d473,ec61755d-b5be-42ac-875d-3123e92add7a,large_gap,2026-07-28T17:05:37.374000+00:00,11.935,warning,Interval exceeds the 5× normal-interval threshold of 10.030 seconds.
7232bc533c21ce408d45d473,ec61755d-b5be-42ac-875d-3123e92add7a,large_gap,2026-07-28T17:05:51.565000+00:00,14.191,warning,Interval exceeds the 5× normal-interval threshold of 10.030 seconds.
7232bc533c21ce408d45d473,ec61755d-b5be-42ac-875d-3123e92add7a,large_gap,2026-07-28T17:06:05.085000+00:00,13.52,warning,Interval exceeds the 5× normal-interval threshold of 10.030 seconds.
7232bc533c21ce408d45d473,ec61755d-b5be-42ac-875d-3123e92add7a,large_gap,2026-07-28T17:06:18.962000+00:00,13.877,warning,Interval exceeds the 5× normal-interval threshold of 10.030 seconds.
7232bc533c21ce408d45d473,ec61755d-b5be-42ac-875d-3123e92add7a,large_gap,2026-07-28T17:31:31.181000+00:00,12.318,warning,Interval exceeds the 5× normal-interval threshold of 10.030 seconds.
7232bc533c21ce408d45d473,ec61755d-b5be-42ac-875d-3123e92add7a,large_gap,2026-07-28T17:31:43.122000+00:00,11.941,warning,Interval exceeds the 5× normal-interval threshold of 10.030 seconds.
7232bc533c21ce408d45d473,ec61755d-b5be-42ac-875d-3123e92add7a,large_gap,2026-07-28T17:31:57.633000+00:00,14.511,warning,Interval exceeds the 5× normal-interval threshold of 10.030 seconds.
7232bc533c21ce408d45d473,ec61755d-b5be-42ac-875d-3123e92add7a,large_gap,2026-07-28T17:32:09.847000+00:00,12.214,warning,Interval exceeds the 5× normal-interval threshold of 10.030 seconds.
7232bc533c21ce408d45d473,ec61755d-b5be-42ac-875d-3123e92add7a,large_gap,2026-07-28T17:32:23.860000+00:00,14.013,warning,Interval exceeds the 5× normal-interval threshold of 10.030 seconds.
7232bc533c21ce408d45d473,ec61755d-b5be-42ac-875d-3123e92add7a,large_gap,2026-07-28T17:32:37.031000+00:00,13.171,warning,Interval exceeds the 5× normal-interval threshold of 10.030 seconds.
7232bc533c21ce408d45d473,ec61755d-b5be-42ac-875d-3123e92add7a,large_gap,2026-07-28T17:32:49.517000+00:00,12.486,warning,Interval exceeds the 5× normal-interval threshold of 10.030 seconds.
7232bc533c21ce408d45d473,ec61755d-b5be-42ac-875d-3123e92add7a,large_gap,2026-07-28T17:33:02.315000+00:00,12.798,warning,Interval exceeds the 5× normal-interval threshold of 10.030 seconds.
7232bc533c21ce408d45d473,ec61755d-b5be-42ac-875d-3123e92add7a,large_gap,2026-07-28T17:33:15.288000+00:00,12.973,warning,Interval exceeds the 5× normal-interval threshold of 10.030 seconds.
7232bc533c21ce408d45d473,ec61755d-b5be-42ac-875d-3123e92add7a,large_gap,2026-07-28T17:33:27.390000+00:00,12.102,warning,Interval exceeds the 5× normal-interval threshold of 10.030 seconds.
7232bc533c21ce408d45d473,ec61755d-b5be-42ac-875d-3123e92add7a,large_gap,2026-07-28T17:33:39.231000+00:00,11.841,warning,Interval exceeds the 5× normal-interval threshold of 10.030 seconds.
7232bc533c21ce408d45d473,ec61755d-b5be-42ac-875d-3123e92add7a,large_gap,2026-07-28T17:33:51.466000+00:00,12.235,warning,Interval exceeds the 5× normal-interval threshold of 10.030 seconds.
7232bc533c21ce408d45d473,ec61755d-b5be-42ac-875d-3123e92add7a,large_gap,2026-07-28T17:34:04.056000+00:00,12.59,warning,Interval exceeds the 5× normal-interval threshold of 10.030 seconds.
7232bc533c21ce408d45d473,ec61755d-b5be-42ac-875d-3123e92add7a,large_gap,2026-07-28T17:34:16.682000+00:00,12.626,warning,Interval exceeds the 5× normal-interval threshold of 10.030 seconds.
7232bc533c21ce408d45d473,ec61755d-b5be-42ac-875d-3123e92add7a,large_gap,2026-07-28T17:34:28.897000+00:00,12.215,warning,Interval exceeds the 5× normal-interval threshold of 10.030 seconds.
7232bc533c21ce408d45d473,ec61755d-b5be-42ac-875d-3123e92add7a,large_gap,2026-07-28T17:34:41.045000+00:00,12.148,warning,Interval exceeds the 5× normal-interval threshold of 10.030 seconds.
7232bc533c21ce408d45d473,ec61755d-b5be-42ac-875d-3123e92add7a,large_gap,2026-07-28T17:34:53.282000+00:00,12.237,warning,Interval exceeds the 5× normal-interval threshold of 10.030 seconds.
7232bc533c21ce408d45d473,ec61755d-b5be-42ac-875d-3123e92add7a,large_gap,2026-07-28T17:35:05.180000+00:00,11.898,warning,Interval exceeds the 5× normal-interval threshold of 10.030 seconds.
7232bc533c21ce408d45d473,ec61755d-b5be-42ac-875d-3123e92add7a,large_gap,2026-07-28T17:35:18.329000+00:00,13.149,warning,Interval exceeds the 5× normal-interval threshold of 10.030 seconds.
7232bc533c21ce408d45d473,ec61755d-b5be-42ac-875d-3123e92add7a,large_gap,2026-07-28T17:35:34.397000+00:00,16.068,warning,Interval exceeds the 5× normal-interval threshold of 10.030 seconds.
7232bc533c21ce408d45d473,ec61755d-b5be-42ac-875d-3123e92add7a,large_gap,2026-07-28T17:35:48.697000+00:00,14.3,warning,Interval exceeds the 5× normal-interval threshold of 10.030 seconds.
7232bc533c21ce408d45d473,ec61755d-b5be-42ac-875d-3123e92add7a,large_gap,2026-07-28T17:36:02.041000+00:00,13.344,warning,Interval exceeds the 5× normal-interval threshold of 10.030 seconds.
7232bc533c21ce408d45d473,ec61755d-b5be-42ac-875d-3123e92add7a,large_gap,2026-07-28T17:36:14.296000+00:00,12.255,warning,Interval exceeds the 5× normal-interval threshold of 10.030 seconds.
7232bc533c21ce408d45d473,fac82c2e-545a-402a-80f8-3d1fccb72c68,large_gap,2026-07-29T07:35:10.013000+00:00,15.226,warning,Interval exceeds the 5× normal-interval threshold of 10.030 seconds.
7232bc533c21ce408d45d473,fac82c2e-545a-402a-80f8-3d1fccb72c68,large_gap,2026-07-29T07:36:34.402000+00:00,17.11,warning,Interval exceeds the 5× normal-interval threshold of 10.030 seconds.
7232bc533c21ce408d45d473,fac82c2e-545a-402a-80f8-3d1fccb72c68,large_gap,2026-07-29T07:36:52.547000+00:00,18.145,warning,Interval exceeds the 5× normal-interval threshold of 10.030 seconds.
7232bc533c21ce408d45d473,fac82c2e-545a-402a-80f8-3d1fccb72c68,large_gap,2026-07-29T07:37:07.176000+00:00,14.629,warning,Interval exceeds the 5× normal-interval threshold of 10.030 seconds.
7232bc533c21ce408d45d473,fac82c2e-545a-402a-80f8-3d1fccb72c68,large_gap,2026-07-29T07:37:21.151000+00:00,13.975,warning,Interval exceeds the 5× normal-interval threshold of 10.030 seconds.
7232bc533c21ce408d45d473,fac82c2e-545a-402a-80f8-3d1fccb72c68,large_gap,2026-07-29T07:37:37.004000+00:00,15.853,warning,Interval exceeds the 5× normal-interval threshold of 10.030 seconds.
7232bc533c21ce408d45d473,fac82c2e-545a-402a-80f8-3d1fccb72c68,large_gap,2026-07-29T07:37:50.946000+00:00,13.942,warning,Interval exceeds the 5× normal-interval threshold of 10.030 seconds.
7232bc533c21ce408d45d473,fac82c2e-545a-402a-80f8-3d1fccb72c68,large_gap,2026-07-29T07:38:03.904000+00:00,12.958,warning,Interval exceeds the 5× normal-interval threshold of 10.030 seconds.
7232bc533c21ce408d45d473,fac82c2e-545a-402a-80f8-3d1fccb72c68,large_gap,2026-07-29T07:38:14.890000+00:00,10.986,warning,Interval exceeds the 5× normal-interval threshold of 10.030 seconds.
7232bc533c21ce408d45d473,fac82c2e-545a-402a-80f8-3d1fccb72c68,large_gap,2026-07-29T07:38:27.645000+00:00,12.755,warning,Interval exceeds the 5× normal-interval threshold of 10.030 seconds.
7232bc533c21ce408d45d473,fac82c2e-545a-402a-80f8-3d1fccb72c68,large_gap,2026-07-29T07:39:24.540000+00:00,10.135,warning,Interval exceeds the 5× normal-interval threshold of 10.030 seconds.
7232bc533c21ce408d45d473,fac82c2e-545a-402a-80f8-3d1fccb72c68,large_gap,2026-07-29T07:39:50.103000+00:00,11.662,warning,Interval exceeds the 5× normal-interval threshold of 10.030 seconds.
7232bc533c21ce408d45d473,fac82c2e-545a-402a-80f8-3d1fccb72c68,large_gap,2026-07-29T07:50:44.330000+00:00,11.305,warning,Interval exceeds the 5× normal-interval threshold of 10.030 seconds.
7232bc533c21ce408d45d473,fac82c2e-545a-402a-80f8-3d1fccb72c68,large_gap,2026-07-29T07:50:55.659000+00:00,11.329,warning,Interval exceeds the 5× normal-interval threshold of 10.030 seconds.
7232bc533c21ce408d45d473,fac82c2e-545a-402a-80f8-3d1fccb72c68,large_gap,2026-07-29T07:51:53.289000+00:00,12.021,warning,Interval exceeds the 5× normal-interval threshold of 10.030 seconds.
7232bc533c21ce408d45d473,fac82c2e-545a-402a-80f8-3d1fccb72c68,large_gap,2026-07-29T07:57:47.475000+00:00,13.014,warning,Interval exceeds the 5× normal-interval threshold of 10.030 seconds.
7232bc533c21ce408d45d473,fac82c2e-545a-402a-80f8-3d1fccb72c68,large_gap,2026-07-29T07:57:58.213000+00:00,10.738,warning,Interval exceeds the 5× normal-interval threshold of 10.030 seconds.
7232bc533c21ce408d45d473,fac82c2e-545a-402a-80f8-3d1fccb72c68,large_gap,2026-07-29T07:58:08.719000+00:00,10.506,warning,Interval exceeds the 5× normal-interval threshold of 10.030 seconds.
7232bc533c21ce408d45d473,fac82c2e-545a-402a-80f8-3d1fccb72c68,large_gap,2026-07-29T08:12:14.111000+00:00,11.381,warning,Interval exceeds the 5× normal-interval threshold of 10.030 seconds.
7232bc533c21ce408d45d473,fac82c2e-545a-402a-80f8-3d1fccb72c68,large_gap,2026-07-29T08:18:20.432000+00:00,11.538,warning,Interval exceeds the 5× normal-interval threshold of 10.030 seconds.
7232bc533c21ce408d45d473,fac82c2e-545a-402a-80f8-3d1fccb72c68,large_gap,2026-07-29T08:19:06.090000+00:00,10.366,warning,Interval exceeds the 5× normal-interval threshold of 10.030 seconds.
7232bc533c21ce408d45d473,fac82c2e-545a-402a-80f8-3d1fccb72c68,large_gap,2026-07-29T08:20:14.241000+00:00,11.133,warning,Interval exceeds the 5× normal-interval threshold of 10.030 seconds.
7232bc533c21ce408d45d473,fac82c2e-545a-402a-80f8-3d1fccb72c68,large_gap,2026-07-29T08:21:42.442000+00:00,10.214,warning,Interval exceeds the 5× normal-interval threshold of 10.030 seconds.
7232bc533c21ce408d45d473,fac82c2e-545a-402a-80f8-3d1fccb72c68,large_gap,2026-07-29T08:22:40.704000+00:00,10.032,warning,Interval exceeds the 5× normal-interval threshold of 10.030 seconds.
7232bc533c21ce408d45d473,fac82c2e-545a-402a-80f8-3d1fccb72c68,large_gap,2026-07-29T08:29:41.802000+00:00,15.095,warning,Interval exceeds the 5× normal-interval threshold of 10.030 seconds.
7232bc533c21ce408d45d473,fac82c2e-545a-402a-80f8-3d1fccb72c68,large_gap,2026-07-29T08:29:53.907000+00:00,12.105,warning,Interval exceeds the 5× normal-interval threshold of 10.030 seconds.
7232bc533c21ce408d45d473,fac82c2e-545a-402a-80f8-3d1fccb72c68,large_gap,2026-07-29T08:30:05.620000+00:00,11.713,warning,Interval exceeds the 5× normal-interval threshold of 10.030 seconds.
7232bc533c21ce408d45d473,fac82c2e-545a-402a-80f8-3d1fccb72c68,large_gap,2026-07-29T08:30:18.158000+00:00,12.538,warning,Interval exceeds the 5× normal-interval threshold of 10.030 seconds.
7232bc533c21ce408d45d473,fac82c2e-545a-402a-80f8-3d1fccb72c68,large_gap,2026-07-29T08:30:32.207000+00:00,14.049,warning,Interval exceeds the 5× normal-interval threshold of 10.030 seconds.
7232bc533c21ce408d45d473,fac82c2e-545a-402a-80f8-3d1fccb72c68,large_gap,2026-07-29T08:30:45.968000+00:00,13.761,warning,Interval exceeds the 5× normal-interval threshold of 10.030 seconds.
7232bc533c21ce408d45d473,fac82c2e-545a-402a-80f8-3d1fccb72c68,large_gap,2026-07-29T08:30:57.461000+00:00,11.493,warning,Interval exceeds the 5× normal-interval threshold of 10.030 seconds.
7232bc533c21ce408d45d473,fac82c2e-545a-402a-80f8-3d1fccb72c68,large_gap,2026-07-29T08:31:08.982000+00:00,11.521,warning,Interval exceeds the 5× normal-interval threshold of 10.030 seconds.
7232bc533c21ce408d45d473,fac82c2e-545a-402a-80f8-3d1fccb72c68,large_gap,2026-07-29T08:31:21.318000+00:00,12.336,warning,Interval exceeds the 5× normal-interval threshold of 10.030 seconds.
7232bc533c21ce408d45d473,fac82c2e-545a-402a-80f8-3d1fccb72c68,large_gap,2026-07-29T08:31:33.306000+00:00,11.988,warning,Interval exceeds the 5× normal-interval threshold of 10.030 seconds.
7232bc533c21ce408d45d473,fac82c2e-545a-402a-80f8-3d1fccb72c68,large_gap,2026-07-29T08:31:45.133000+00:00,11.827,warning,Interval exceeds the 5× normal-interval threshold of 10.030 seconds.
7232bc533c21ce408d45d473,fac82c2e-545a-402a-80f8-3d1fccb72c68,large_gap,2026-07-29T08:31:56.919000+00:00,11.786,warning,Interval exceeds the 5× normal-interval threshold of 10.030 seconds.
7232bc533c21ce408d45d473,fac82c2e-545a-402a-80f8-3d1fccb72c68,large_gap,2026-07-29T08:32:10.225000+00:00,13.306,warning,Interval exceeds the 5× normal-interval threshold of 10.030 seconds.
7232bc533c21ce408d45d473,fac82c2e-545a-402a-80f8-3d1fccb72c68,large_gap,2026-07-29T08:32:23.274000+00:00,13.049,warning,Interval exceeds the 5× normal-interval threshold of 10.030 seconds.
7232bc533c21ce408d45d473,fac82c2e-545a-402a-80f8-3d1fccb72c68,large_gap,2026-07-29T08:32:35.114000+00:00,11.84,warning,Interval exceeds the 5× normal-interval threshold of 10.030 seconds.
7232bc533c21ce408d45d473,fac82c2e-545a-402a-80f8-3d1fccb72c68,large_gap,2026-07-29T08:32:47.039000+00:00,11.925,warning,Interval exceeds the 5× normal-interval threshold of 10.030 seconds.
7232bc533c21ce408d45d473,fac82c2e-545a-402a-80f8-3d1fccb72c68,large_gap,2026-07-29T08:32:59.126000+00:00,12.087,warning,Interval exceeds the 5× normal-interval threshold of 10.030 seconds.
7232bc533c21ce408d45d473,fac82c2e-545a-402a-80f8-3d1fccb72c68,large_gap,2026-07-29T08:33:11.235000+00:00,12.109,warning,Interval exceeds the 5× normal-interval threshold of 10.030 seconds.
7232bc533c21ce408d45d473,fac82c2e-545a-402a-80f8-3d1fccb72c68,large_gap,2026-07-29T08:33:23.520000+00:00,12.285,warning,Interval exceeds the 5× normal-interval threshold of 10.030 seconds.
7232bc533c21ce408d45d473,fac82c2e-545a-402a-80f8-3d1fccb72c68,large_gap,2026-07-29T08:33:35.006000+00:00,11.486,warning,Interval exceeds the 5× normal-interval threshold of 10.030 seconds.
7232bc533c21ce408d45d473,fac82c2e-545a-402a-80f8-3d1fccb72c68,large_gap,2026-07-29T08:33:47.105000+00:00,12.099,warning,Interval exceeds the 5× normal-interval threshold of 10.030 seconds.
7232bc533c21ce408d45d473,fac82c2e-545a-402a-80f8-3d1fccb72c68,large_gap,2026-07-29T08:33:59.503000+00:00,12.398,warning,Interval exceeds the 5× normal-interval threshold of 10.030 seconds.
7232bc533c21ce408d45d473,fac82c2e-545a-402a-80f8-3d1fccb72c68,large_gap,2026-07-29T08:34:12.350000+00:00,12.847,warning,Interval exceeds the 5× normal-interval threshold of 10.030 seconds.
7232bc533c21ce408d45d473,fac82c2e-545a-402a-80f8-3d1fccb72c68,large_gap,2026-07-29T08:34:23.025000+00:00,10.675,warning,Interval exceeds the 5× normal-interval threshold of 10.030 seconds.
7232bc533c21ce408d45d473,fac82c2e-545a-402a-80f8-3d1fccb72c68,large_gap,2026-07-29T09:29:51.138000+00:00,12.207,warning,Interval exceeds the 5× normal-interval threshold of 10.030 seconds.
7232bc533c21ce408d45d473,fac82c2e-545a-402a-80f8-3d1fccb72c68,large_gap,2026-07-29T09:30:03.594000+00:00,12.456,warning,Interval exceeds the 5× normal-interval threshold of 10.030 seconds.
7232bc533c21ce408d45d473,fac82c2e-545a-402a-80f8-3d1fccb72c68,large_gap,2026-07-29T09:30:15.431000+00:00,11.837,warning,Interval exceeds the 5× normal-interval threshold of 10.030 seconds.
7232bc533c21ce408d45d473,fac82c2e-545a-402a-80f8-3d1fccb72c68,large_gap,2026-07-29T09:30:27.578000+00:00,12.147,warning,Interval exceeds the 5× normal-interval threshold of 10.030 seconds.
7232bc533c21ce408d45d473,fac82c2e-545a-402a-80f8-3d1fccb72c68,large_gap,2026-07-29T09:30:39.584000+00:00,12.006,warning,Interval exceeds the 5× normal-interval threshold of 10.030 seconds.
7232bc533c21ce408d45d473,fac82c2e-545a-402a-80f8-3d1fccb72c68,large_gap,2026-07-29T09:30:51.620000+00:00,12.036,warning,Interval exceeds the 5× normal-interval threshold of 10.030 seconds.
7232bc533c21ce408d45d473,fac82c2e-545a-402a-80f8-3d1fccb72c68,large_gap,2026-07-29T09:31:03.710000+00:00,12.09,warning,Interval exceeds the 5× normal-interval threshold of 10.030 seconds.
7232bc533c21ce408d45d473,fac82c2e-545a-402a-80f8-3d1fccb72c68,large_gap,2026-07-29T09:31:15.296000+00:00,11.586,warning,Interval exceeds the 5× normal-interval threshold of 10.030 seconds.
7232bc533c21ce408d45d473,fac82c2e-545a-402a-80f8-3d1fccb72c68,large_gap,2026-07-29T09:31:27.493000+00:00,12.197,warning,Interval exceeds the 5× normal-interval threshold of 10.030 seconds.
7232bc533c21ce408d45d473,fac82c2e-545a-402a-80f8-3d1fccb72c68,large_gap,2026-07-29T09:31:39.735000+00:00,12.242,warning,Interval exceeds the 5× normal-interval threshold of 10.030 seconds.
7232bc533c21ce408d45d473,fac82c2e-545a-402a-80f8-3d1fccb72c68,large_gap,2026-07-29T09:31:51.715000+00:00,11.98,warning,Interval exceeds the 5× normal-interval threshold of 10.030 seconds.
7232bc533c21ce408d45d473,fac82c2e-545a-402a-80f8-3d1fccb72c68,large_gap,2026-07-29T09:32:03.611000+00:00,11.896,warning,Interval exceeds the 5× normal-interval threshold of 10.030 seconds.
7232bc533c21ce408d45d473,fac82c2e-545a-402a-80f8-3d1fccb72c68,large_gap,2026-07-29T09:32:16.668000+00:00,13.057,warning,Interval exceeds the 5× normal-interval threshold of 10.030 seconds.
7232bc533c21ce408d45d473,fac82c2e-545a-402a-80f8-3d1fccb72c68,large_gap,2026-07-29T09:32:29.499000+00:00,12.831,warning,Interval exceeds the 5× normal-interval threshold of 10.030 seconds.
7232bc533c21ce408d45d473,fac82c2e-545a-402a-80f8-3d1fccb72c68,large_gap,2026-07-29T09:32:41.297000+00:00,11.798,warning,Interval exceeds the 5× normal-interval threshold of 10.030 seconds.
7232bc533c21ce408d45d473,fac82c2e-545a-402a-80f8-3d1fccb72c68,large_gap,2026-07-29T09:32:53.171000+00:00,11.874,warning,Interval exceeds the 5× normal-interval threshold of 10.030 seconds.
7232bc533c21ce408d45d473,fac82c2e-545a-402a-80f8-3d1fccb72c68,large_gap,2026-07-29T09:33:06.378000+00:00,13.207,warning,Interval exceeds the 5× normal-interval threshold of 10.030 seconds.
7232bc533c21ce408d45d473,fac82c2e-545a-402a-80f8-3d1fccb72c68,large_gap,2026-07-29T09:33:19.377000+00:00,12.999,warning,Interval exceeds the 5× normal-interval threshold of 10.030 seconds.
7232bc533c21ce408d45d473,fac82c2e-545a-402a-80f8-3d1fccb72c68,large_gap,2026-07-29T09:33:31.331000+00:00,11.954,warning,Interval exceeds the 5× normal-interval threshold of 10.030 seconds.
7232bc533c21ce408d45d473,fac82c2e-545a-402a-80f8-3d1fccb72c68,large_gap,2026-07-29T09:33:43.585000+00:00,12.254,warning,Interval exceeds the 5× normal-interval threshold of 10.030 seconds.
7232bc533c21ce408d45d473,fac82c2e-545a-402a-80f8-3d1fccb72c68,large_gap,2026-07-29T09:33:56.535000+00:00,12.95,warning,Interval exceeds the 5× normal-interval threshold of 10.030 seconds.
7232bc533c21ce408d45d473,fac82c2e-545a-402a-80f8-3d1fccb72c68,large_gap,2026-07-29T09:34:07.862000+00:00,11.327,warning,Interval exceeds the 5× normal-interval threshold of 10.030 seconds.
a0f8c86097e55fbfa506d057,2e9f4457-2a7f-4647-87ed-b86ac6343d33,large_gap,2026-07-27T12:46:40.239000+00:00,740.989,warning,Interval exceeds the 5× normal-interval threshold of 10.030 seconds.
a0f8c86097e55fbfa506d057,373070d1-ba59-4244-88ab-2d44a21f4983,large_gap,2026-07-27T23:11:31.309000+00:00,15.765,warning,Interval exceeds the 5× normal-interval threshold of 10.030 seconds.
a0f8c86097e55fbfa506d057,70577f8e-1430-4489-8602-2096521ab84e,large_gap,2026-07-28T19:45:33.907000+00:00,12.547,warning,Interval exceeds the 5× normal-interval threshold of 10.030 seconds.
a0f8c86097e55fbfa506d057,70577f8e-1430-4489-8602-2096521ab84e,large_gap,2026-07-28T19:45:48.326000+00:00,14.419,warning,Interval exceeds the 5× normal-interval threshold of 10.030 seconds.
a0f8c86097e55fbfa506d057,70577f8e-1430-4489-8602-2096521ab84e,large_gap,2026-07-28T19:46:28.445000+00:00,11.315,warning,Interval exceeds the 5× normal-interval threshold of 10.030 seconds.
a0f8c86097e55fbfa506d057,70577f8e-1430-4489-8602-2096521ab84e,large_gap,2026-07-28T19:46:38.865000+00:00,10.42,warning,Interval exceeds the 5× normal-interval threshold of 10.030 seconds.
a0f8c86097e55fbfa506d057,70577f8e-1430-4489-8602-2096521ab84e,large_gap,2026-07-28T19:47:27.139000+00:00,12.411,warning,Interval exceeds the 5× normal-interval threshold of 10.030 seconds.
a0f8c86097e55fbfa506d057,70577f8e-1430-4489-8602-2096521ab84e,large_gap,2026-07-28T19:47:55.434000+00:00,10.387,warning,Interval exceeds the 5× normal-interval threshold of 10.030 seconds.
a0f8c86097e55fbfa506d057,70577f8e-1430-4489-8602-2096521ab84e,large_gap,2026-07-28T19:48:06.720000+00:00,11.286,warning,Interval exceeds the 5× normal-interval threshold of 10.030 seconds.
a0f8c86097e55fbfa506d057,70577f8e-1430-4489-8602-2096521ab84e,large_gap,2026-07-28T19:49:08.093000+00:00,10.242,warning,Interval exceeds the 5× normal-interval threshold of 10.030 seconds.
a0f8c86097e55fbfa506d057,70577f8e-1430-4489-8602-2096521ab84e,large_gap,2026-07-28T19:49:21.044000+00:00,12.951,warning,Interval exceeds the 5× normal-interval threshold of 10.030 seconds.
a0f8c86097e55fbfa506d057,70577f8e-1430-4489-8602-2096521ab84e,large_gap,2026-07-28T19:49:36.993000+00:00,15.949,warning,Interval exceeds the 5× normal-interval threshold of 10.030 seconds.
a0f8c86097e55fbfa506d057,70577f8e-1430-4489-8602-2096521ab84e,large_gap,2026-07-28T19:49:48.577000+00:00,11.584,warning,Interval exceeds the 5× normal-interval threshold of 10.030 seconds.
a0f8c86097e55fbfa506d057,70577f8e-1430-4489-8602-2096521ab84e,large_gap,2026-07-28T19:49:58.896000+00:00,10.319,warning,Interval exceeds the 5× normal-interval threshold of 10.030 seconds.
a0f8c86097e55fbfa506d057,70577f8e-1430-4489-8602-2096521ab84e,large_gap,2026-07-28T19:50:09.587000+00:00,10.691,warning,Interval exceeds the 5× normal-interval threshold of 10.030 seconds.
a0f8c86097e55fbfa506d057,70577f8e-1430-4489-8602-2096521ab84e,large_gap,2026-07-28T19:50:22.923000+00:00,13.336,warning,Interval exceeds the 5× normal-interval threshold of 10.030 seconds.
a0f8c86097e55fbfa506d057,70577f8e-1430-4489-8602-2096521ab84e,large_gap,2026-07-28T19:50:33.024000+00:00,10.101,warning,Interval exceeds the 5× normal-interval threshold of 10.030 seconds.
a0f8c86097e55fbfa506d057,70577f8e-1430-4489-8602-2096521ab84e,large_gap,2026-07-28T19:50:45.639000+00:00,12.615,warning,Interval exceeds the 5× normal-interval threshold of 10.030 seconds.
a0f8c86097e55fbfa506d057,70577f8e-1430-4489-8602-2096521ab84e,large_gap,2026-07-28T19:50:58.536000+00:00,12.897,warning,Interval exceeds the 5× normal-interval threshold of 10.030 seconds.
a0f8c86097e55fbfa506d057,70577f8e-1430-4489-8602-2096521ab84e,large_gap,2026-07-28T19:53:00.865000+00:00,13.12,warning,Interval exceeds the 5× normal-interval threshold of 10.030 seconds.
a0f8c86097e55fbfa506d057,70577f8e-1430-4489-8602-2096521ab84e,large_gap,2026-07-28T19:53:14.208000+00:00,13.343,warning,Interval exceeds the 5× normal-interval threshold of 10.030 seconds.
a0f8c86097e55fbfa506d057,70577f8e-1430-4489-8602-2096521ab84e,large_gap,2026-07-28T19:53:28.470000+00:00,14.262,warning,Interval exceeds the 5× normal-interval threshold of 10.030 seconds.
a0f8c86097e55fbfa506d057,70577f8e-1430-4489-8602-2096521ab84e,large_gap,2026-07-28T19:53:40.747000+00:00,12.277,warning,Interval exceeds the 5× normal-interval threshold of 10.030 seconds.
a0f8c86097e55fbfa506d057,70577f8e-1430-4489-8602-2096521ab84e,large_gap,2026-07-28T19:53:57.477000+00:00,16.73,warning,Interval exceeds the 5× normal-interval threshold of 10.030 seconds.
a0f8c86097e55fbfa506d057,70577f8e-1430-4489-8602-2096521ab84e,large_gap,2026-07-28T19:54:12.582000+00:00,15.105,warning,Interval exceeds the 5× normal-interval threshold of 10.030 seconds.
a0f8c86097e55fbfa506d057,70577f8e-1430-4489-8602-2096521ab84e,large_gap,2026-07-28T19:54:22.927000+00:00,10.345,warning,Interval exceeds the 5× normal-interval threshold of 10.030 seconds.
a0f8c86097e55fbfa506d057,70577f8e-1430-4489-8602-2096521ab84e,large_gap,2026-07-28T19:54:42.938000+00:00,10.654,warning,Interval exceeds the 5× normal-interval threshold of 10.030 seconds.
a0f8c86097e55fbfa506d057,70577f8e-1430-4489-8602-2096521ab84e,large_gap,2026-07-28T19:55:03.437000+00:00,11.664,warning,Interval exceeds the 5× normal-interval threshold of 10.030 seconds.
a0f8c86097e55fbfa506d057,70577f8e-1430-4489-8602-2096521ab84e,large_gap,2026-07-28T19:55:33.245000+00:00,10.762,warning,Interval exceeds the 5× normal-interval threshold of 10.030 seconds.
a0f8c86097e55fbfa506d057,70577f8e-1430-4489-8602-2096521ab84e,large_gap,2026-07-28T19:55:56.342000+00:00,13.754,warning,Interval exceeds the 5× normal-interval threshold of 10.030 seconds.
a0f8c86097e55fbfa506d057,70577f8e-1430-4489-8602-2096521ab84e,large_gap,2026-07-28T19:56:07.380000+00:00,11.038,warning,Interval exceeds the 5× normal-interval threshold of 10.030 seconds.
a0f8c86097e55fbfa506d057,70577f8e-1430-4489-8602-2096521ab84e,large_gap,2026-07-28T19:56:25.925000+00:00,10.398,warning,Interval exceeds the 5× normal-interval threshold of 10.030 seconds.
a0f8c86097e55fbfa506d057,70577f8e-1430-4489-8602-2096521ab84e,large_gap,2026-07-28T19:56:46.020000+00:00,10.35,warning,Interval exceeds the 5× normal-interval threshold of 10.030 seconds.
a0f8c86097e55fbfa506d057,70577f8e-1430-4489-8602-2096521ab84e,large_gap,2026-07-28T19:56:56.404000+00:00,10.384,warning,Interval exceeds the 5× normal-interval threshold of 10.030 seconds.
a0f8c86097e55fbfa506d057,70577f8e-1430-4489-8602-2096521ab84e,large_gap,2026-07-28T19:57:06.872000+00:00,10.468,warning,Interval exceeds the 5× normal-interval threshold of 10.030 seconds.
a0f8c86097e55fbfa506d057,70577f8e-1430-4489-8602-2096521ab84e,large_gap,2026-07-28T19:57:26.866000+00:00,10.163,warning,Interval exceeds the 5× normal-interval threshold of 10.030 seconds.
a0f8c86097e55fbfa506d057,70577f8e-1430-4489-8602-2096521ab84e,large_gap,2026-07-28T19:57:38.942000+00:00,12.076,warning,Interval exceeds the 5× normal-interval threshold of 10.030 seconds.
